,affected_macaddress,alerted_macaddress,severity_level
0,e4:a7:a0:99:bc:27,c0:9a:d0:e7:e7:da,mild
1,e4:a7:a0:99:bc:27,98:10:e8:07:e0:5b,mild
2,e4:a7:a0:99:bc:27,7c:b2:7d:87:d8:c7,mild
3,e4:a7:a0:99:bc:27,c0:b6:58:a2:3c:78,mild
4,e4:a7:a0:99:bc:27,98:10:e8:3b:48:e3,mild
5,e4:a7:a0:99:bc:27,88:66:a5:17:7b:51,moderate
6,e4:a7:a0:99:bc:27,28:16:ad:17:e3:33,moderate
7,e4:a7:a0:99:bc:27,a4:c3:f0:a5:f1:09,moderate
8,e4:a7:a0:99:bc:27,b4:ef:39:c3:4a:2a,moderate
9,e4:a7:a0:99:bc:27,88:66:a5:3a:72:71,severe
10,e4:a7:a0:99:bc:27,28:16:ad:17:e3:32,severe
11,e4:a7:a0:99:bc:27,88:66:a5:17:75:bc,severe
12,e4:a7:a0:99:bc:27,04:69:f8:63:8b:cc,severe
13,e4:a7:a0:99:bc:27,7c:b2:7d:86:54:d4,severe
14,e4:a7:a0:99:bc:27,8c:f5:a3:cd:d2:db,severe
15,e4:a7:a0:99:bc:27,b4:9c:df:44:0b:33,severe
16,e4:a7:a0:99:bc:27,88:66:a5:1f:0b:05,severe
17,e4:a7:a0:99:bc:27,7c:b2:7d:85:d8:0b,severe
18,e4:a7:a0:99:bc:27,f8:2d:7c:dc:dc:b8,severe
19,e4:a7:a0:99:bc:27,88:66:a5:1a:ba:53,severe
20,d8:1c:79:db:a0:f7,88:66:a5:1a:ba:53,mild
21,d8:1c:79:db:a0:f7,90:6e:e1:0b:5c:cc,mild
22,d8:1c:79:db:a0:f7,98:c7:17:2d:6b:a0,mild
23,d8:1c:79:db:a0:f7,10:e8:89:d2:30:6d,mild
24,d8:1c:79:db:a0:f7,5c:74:20:7c:0e:a6,mild
25,d8:1c:79:db:a0:f7,a4:c3:f0:a5:f1:72,mild
26,d8:1c:79:db:a0:f7,35:93:57:30:4a:9b,mild
27,d8:1c:79:db:a0:f7,c1:a2:98:79:ba:c4,mild
28,d8:1c:79:db:a0:f7,00:0b:82:d0:ff:35,mild
29,d8:1c:79:db:a0:f7,cc:44:63:3c:32:61,mild
30,d8:1c:79:db:a0:f7,5c:5f:67:8b:e1:7f,mild
31,d8:1c:79:db:a0:f7,5c:5f:67:8b:e1:7e,mild
32,d8:1c:79:db:a0:f7,00:ca:3f:34:77:f5,mild
33,d8:1c:79:db:a0:f7,88:e9:fe:d4:1d:59,mild
34,d8:1c:79:db:a0:f7,98:10:e8:3a:c9:e4,mild
35,d8:1c:79:db:a0:f7,08:c8:f5:4e:d4:fa,mild
36,d8:1c:79:db:a0:f7,00:b5:d0:90:d4:7d,mild
37,d8:1c:79:db:a0:f7,59:85:b6:61:c5:2a,mild
38,d8:1c:79:db:a0:f7,0d:81:24:f4:2c:79,mild
39,d8:1c:79:db:a0:f7,15:9e:e7:6b:51:97,mild
40,d8:1c:79:db:a0:f7,b4:ef:39:c3:4a:2a,mild
41,d8:1c:79:db:a0:f7,30:30:cc:92:2b:b6,mild
42,d8:1c:79:db:a0:f7,89:a9:64:52:43:57,mild
43,d8:1c:79:db:a0:f7,3d:3b:79:0d:90:d3,mild
44,d8:1c:79:db:a0:f7,94:ee:9f:b1:e0:64,mild
45,d8:1c:79:db:a0:f7,88:66:a5:17:75:bc,mild
46,d8:1c:79:db:a0:f7,08:d8:33:ef:e7:7b,moderate
47,d8:1c:79:db:a0:f7,7c:b2:7d:87:d8:c7,moderate
48,d8:1c:79:db:a0:f7,e4:a7:a0:99:dc:ac,moderate
49,d8:1c:79:db:a0:f7,cc:44:63:40:96:9d,moderate
50,d8:1c:79:db:a0:f7,7c:b2:7d:87:57:da,moderate
51,d8:1c:79:db:a0:f7,7c:b2:7d:87:83:e6,moderate
52,d8:1c:79:db:a0:f7,78:00:9e:93:6a:d0,moderate
53,d8:1c:79:db:a0:f7,90:61:ae:25:a1:e3,severe
54,d8:1c:79:db:a0:f7,88:66:a5:17:7b:51,severe
55,d8:1c:79:db:a0:f7,8c:f5:a3:cd:d2:db,severe
56,d8:1c:79:db:a0:f7,7c:b2:7d:87:83:e5,severe
57,d8:1c:79:db:a0:f7,88:83:22:5d:24:66,severe
58,d8:1c:79:db:a0:f7,3c:bf:60:65:36:3c,severe
59,d8:1c:79:db:a0:f7,98:10:e8:3b:48:e3,severe
60,2d:98:5c:15:44:48,88:66:a5:17:7b:51,mild
61,41:e6:14:17:de:f2,f4:a1:7c:eb:49:8e,moderate
62,41:e6:14:17:de:f2,5c:5f:67:8b:e1:7e,severe
63,41:e6:14:17:de:f2,b4:ef:39:c3:4a:2a,severe
64,41:e6:14:17:de:f2,dd:17:92:72:9c:51,severe
65,41:e6:14:17:de:f2,8c:f5:a3:cd:d2:db,severe
66,a4:c3:f0:a5:f1:72,90:6e:e1:0b:5c:cc,mild
67,a4:c3:f0:a5:f1:72,d8:1c:79:db:a0:f7,mild
68,a4:c3:f0:a5:f1:72,30:ff:72:9f:a3:f2,mild
69,a4:c3:f0:a5:f1:72,81:7a:e5:de:fb:b2,mild
70,a4:c3:f0:a5:f1:72,e1:d2:38:d2:60:6d,mild
71,a4:c3:f0:a5:f1:72,59:85:b6:61:c5:2a,mild
72,a4:c3:f0:a5:f1:72,88:83:22:5d:24:66,mild
73,a4:c3:f0:a5:f1:72,7c:b2:7d:85:d8:0b,moderate
74,a4:c3:f0:a5:f1:72,00:ca:3f:34:77:f5,moderate
75,a4:c3:f0:a5:f1:72,88:66:a5:17:75:bc,moderate
76,a4:c3:f0:a5:f1:72,5c:74:20:7c:0e:a6,moderate
77,a4:c3:f0:a5:f1:72,15:9e:e7:6b:51:97,moderate
78,a4:c3:f0:a5:f1:72,7c:b2:7d:87:57:da,moderate
79,a4:c3:f0:a5:f1:72,30:30:cc:92:2b:b6,severe
80,a4:c3:f0:a5:f1:72,98:c7:17:2d:6b:a0,severe
81,a4:c3:f0:a5:f1:72,8c:f5:a3:cd:d2:db,severe
82,a4:c3:f0:a5:f1:72,89:a9:64:52:43:57,severe
83,a4:c3:f0:a5:f1:72,5c:5f:67:8b:e1:7f,severe
84,a4:c3:f0:a5:f1:72,5c:5f:67:8b:e1:7e,severe
85,a4:c3:f0:a5:f1:72,0d:81:24:f4:2c:79,severe
86,a4:c3:f0:a5:f1:72,10:e8:89:d2:30:6d,severe
87,a4:c3:f0:a5:f1:72,35:93:57:30:4a:9b,severe
88,a4:c3:f0:a5:f1:72,3d:3b:79:0d:90:d3,severe
89,a4:c3:f0:a5:f1:72,98:10:e8:3b:48:e3,severe
90,a4:c3:f0:a5:f1:09,28:16:ad:17:e3:32,mild
91,a4:c3:f0:a5:f1:09,88:66:a5:1f:0b:05,mild
92,a4:c3:f0:a5:f1:09,c0:9a:d0:e7:e7:da,mild
93,a4:c3:f0:a5:f1:09,c0:b6:58:a2:3c:78,mild
94,a4:c3:f0:a5:f1:09,88:66:a5:17:7b:51,mild
95,a4:c3:f0:a5:f1:09,98:10:e8:3b:48:e3,mild
96,a4:c3:f0:a5:f1:09,b4:9c:df:44:0b:33,mild
97,a4:c3:f0:a5:f1:09,88:66:a5:3a:72:71,mild
98,a4:c3:f0:a5:f1:09,90:61:ae:25:a1:e3,mild
99,a4:c3:f0:a5:f1:09,28:16:ad:17:e3:33,mild
100,a4:c3:f0:a5:f1:09,f8:2d:7c:dc:dc:b8,mild
101,a4:c3:f0:a5:f1:09,e4:a7:a0:99:bc:27,moderate
102,a4:c3:f0:a5:f1:09,7c:b2:7d:86:54:d4,moderate
103,a4:c3:f0:a5:f1:09,04:69:f8:63:8b:cc,moderate
104,a4:c3:f0:a5:f1:09,7c:b2:7d:87:d8:c7,moderate
105,a4:c3:f0:a5:f1:09,cc:44:63:3c:32:61,moderate
106,a4:c3:f0:a5:f1:09,88:66:a5:17:75:bc,severe
107,a4:c3:f0:a5:f1:09,8c:f5:a3:cd:d2:db,severe
108,a4:c3:f0:a5:f1:09,7c:b2:7d:85:d8:0b,severe
109,a4:c3:f0:a5:f1:09,88:83:22:5d:24:66,severe
110,a4:c3:f0:a5:f1:09,b4:ef:39:c3:4a:2a,severe
111,a4:c3:f0:a5:f1:09,88:66:a5:1a:ba:53,severe
112,a4:c3:f0:a5:f1:09,98:10:e8:07:e0:5b,severe
113,30:ff:72:9f:a3:f2,5c:5f:67:8b:e1:7e,mild
114,30:ff:72:9f:a3:f2,a4:c3:f0:a5:f1:72,mild
115,a4:c3:f0:a1:fb:b7,e4:0e:ee:e6:4e:96,mild
116,a4:c3:f0:a1:fb:b7,40:83:de:80:80:cc,mild
117,a4:c3:f0:a1:fb:b7,0c:2f:b0:83:ee:82,mild
118,a4:c3:f0:a1:fb:b7,e4:a7:a0:99:dc:ac,mild
119,a4:c3:f0:a1:fb:b7,98:10:e8:3a:c9:e4,moderate
120,a4:c3:f0:a1:fb:b7,1c:5c:f2:e8:8b:33,moderate
121,a4:c3:f0:a1:fb:b7,b4:ef:39:c3:4a:2a,moderate
122,a4:c3:f0:a1:fb:b7,7c:b2:7d:87:57:da,moderate
123,a4:c3:f0:a1:fb:b7,9c:da:3e:7f:a0:03,moderate
124,a4:c3:f0:a1:fb:b7,7c:b2:7d:85:d8:0b,moderate
125,a4:c3:f0:a1:fb:b7,88:66:a5:17:7b:51,moderate
126,a4:c3:f0:a1:fb:b7,6c:96:cf:ac:18:82,moderate
127,a4:c3:f0:a1:fb:b7,00:b5:d0:90:d4:7d,moderate
128,a4:c3:f0:a1:fb:b7,88:66:a5:17:75:bc,moderate
129,a4:c3:f0:a1:fb:b7,88:66:a5:3a:72:71,severe
130,a4:c3:f0:a1:fb:b7,8c:f5:a3:cd:d2:db,severe
131,a4:c3:f0:a1:fb:b7,04:b4:29:6c:99:31,severe
132,a4:c3:f0:a1:fb:b7,9c:da:3e:7f:8e:65,severe
133,a4:c3:f0:a1:fb:b7,88:66:a5:1f:0b:05,severe
134,a4:c3:f0:a1:fb:b7,98:10:e8:3b:48:e3,severe
135,a4:c3:f0:a1:fb:b7,9c:da:3e:7e:f8:01,severe
136,a4:c3:f0:a1:fb:b7,88:83:22:5d:24:66,severe
137,a4:c3:f0:a1:fb:b7,78:00:9e:93:6a:d0,severe
138,a4:c3:f0:a1:fb:b7,5c:5f:67:8b:1b:9a,severe
139,a4:c3:f0:a1:fb:b7,7c:b2:7d:87:d8:c7,severe
140,a4:c3:f0:a1:fb:b7,88:66:a5:e2:a1:60,severe
141,49:49:89:ec:71:db,8c:f5:a3:cd:d2:db,moderate
142,49:49:89:ec:71:db,88:66:a5:17:7b:51,moderate
143,81:7a:e5:de:fb:b2,5c:5f:67:8b:e1:7e,mild
144,81:7a:e5:de:fb:b2,a4:c3:f0:a5:f1:72,mild
145,10:8e:e0:b6:ca:da,98:10:e8:3b:48:e3,mild
146,10:8e:e0:b6:ca:da,90:61:ae:25:a1:e3,mild
147,10:8e:e0:b6:ca:da,88:83:22:5d:24:66,mild
148,10:8e:e0:b6:ca:da,00:b5:d0:90:d4:7d,moderate
149,10:8e:e0:b6:ca:da,78:00:9e:93:6a:d0,moderate
150,10:8e:e0:b6:ca:da,e4:0e:ee:e6:4e:96,severe
151,10:8e:e0:b6:ca:da,94:ee:9f:b1:e0:64,severe
152,10:8e:e0:b6:ca:da,08:d8:33:ef:e7:7b,severe
153,10:8e:e0:b6:ca:da,8c:f5:a3:cd:d2:db,severe
154,98:10:e8:3a:c9:e4,d8:1c:79:db:a0:f7,mild
155,98:10:e8:3a:c9:e4,e4:0e:ee:e6:4e:96,mild
156,98:10:e8:3a:c9:e4,78:00:9e:93:6a:d0,mild
157,98:10:e8:3a:c9:e4,00:0b:82:d0:ff:35,mild
158,98:10:e8:3a:c9:e4,7c:b2:7d:87:d8:c7,mild
159,98:10:e8:3a:c9:e4,88:66:a5:17:7b:51,mild
160,98:10:e8:3a:c9:e4,88:83:22:5d:24:66,mild
161,98:10:e8:3a:c9:e4,0c:2f:b0:83:ee:82,mild
162,98:10:e8:3a:c9:e4,e4:a7:a0:99:dc:ac,mild
163,98:10:e8:3a:c9:e4,9c:da:3e:7f:a0:03,moderate
164,98:10:e8:3a:c9:e4,00:b5:d0:90:d4:7d,moderate
165,98:10:e8:3a:c9:e4,9c:da:3e:7e:f8:01,moderate
166,98:10:e8:3a:c9:e4,88:66:a5:17:75:bc,moderate
167,98:10:e8:3a:c9:e4,40:83:de:80:80:cc,moderate
168,98:10:e8:3a:c9:e4,04:b4:29:6c:99:31,moderate
169,98:10:e8:3a:c9:e4,88:66:a5:e2:a1:60,moderate
170,98:10:e8:3a:c9:e4,a4:c3:f0:a1:fb:b7,moderate
171,98:10:e8:3a:c9:e4,88:66:a5:3a:72:71,moderate
172,98:10:e8:3a:c9:e4,88:66:a5:1f:0b:05,moderate
173,98:10:e8:3a:c9:e4,1c:5c:f2:e8:8b:33,moderate
174,98:10:e8:3a:c9:e4,b4:ef:39:c3:4a:2a,moderate
175,98:10:e8:3a:c9:e4,98:10:e8:3b:48:e3,moderate
176,98:10:e8:3a:c9:e4,7c:b2:7d:87:57:da,moderate
177,98:10:e8:3a:c9:e4,8c:f5:a3:cd:d2:db,severe
178,90:61:ae:25:a1:e3,88:66:a5:1a:ba:53,mild
179,90:61:ae:25:a1:e3,7c:b2:7d:87:57:da,mild
180,90:61:ae:25:a1:e3,e4:0e:ee:e6:4e:96,mild
181,90:61:ae:25:a1:e3,7c:b2:7d:85:d8:0b,mild
182,90:61:ae:25:a1:e3,a4:c3:f0:a5:f1:09,mild
183,90:61:ae:25:a1:e3,00:0b:82:d0:ff:35,mild
184,90:61:ae:25:a1:e3,cc:44:63:3c:32:61,mild
185,90:61:ae:25:a1:e3,10:8e:e0:b6:ca:da,mild
186,90:61:ae:25:a1:e3,98:10:e8:3b:48:e3,mild
187,90:61:ae:25:a1:e3,00:b5:d0:90:d4:7d,mild
188,90:61:ae:25:a1:e3,b4:ef:39:c3:4a:2a,mild
189,90:61:ae:25:a1:e3,88:66:a5:17:75:bc,moderate
190,90:61:ae:25:a1:e3,8c:f5:a3:cd:d2:db,severe
191,90:61:ae:25:a1:e3,94:ee:9f:b1:e0:64,severe
192,90:61:ae:25:a1:e3,d8:1c:79:db:a0:f7,severe
193,90:61:ae:25:a1:e3,88:83:22:5d:24:66,severe
194,90:61:ae:25:a1:e3,78:00:9e:93:6a:d0,severe
195,90:61:ae:25:a1:e3,7c:b2:7d:87:d8:c7,severe
196,90:61:ae:25:a1:e3,08:d8:33:ef:e7:7b,severe
197,b4:ef:39:c3:4a:2a,6c:96:cf:ac:18:82,mild
198,b4:ef:39:c3:4a:2a,d8:1c:79:db:a0:f7,mild
199,b4:ef:39:c3:4a:2a,78:00:9e:93:6a:d0,mild
200,b4:ef:39:c3:4a:2a,28:16:ad:17:e3:32,mild
201,b4:ef:39:c3:4a:2a,c0:9a:d0:e7:e7:da,mild
202,b4:ef:39:c3:4a:2a,c1:a2:98:79:ba:c4,mild
203,b4:ef:39:c3:4a:2a,7c:b2:7d:87:83:e6,mild
204,b4:ef:39:c3:4a:2a,7c:b2:7d:87:d8:c7,mild
205,b4:ef:39:c3:4a:2a,28:16:ad:17:e3:33,mild
206,b4:ef:39:c3:4a:2a,88:66:a5:17:7b:51,mild
207,b4:ef:39:c3:4a:2a,5c:5f:67:8b:e1:7f,mild
208,b4:ef:39:c3:4a:2a,3c:bf:60:65:36:3c,mild
209,b4:ef:39:c3:4a:2a,98:10:e8:3b:48:e3,mild
210,b4:ef:39:c3:4a:2a,88:e9:fe:d4:1d:59,mild
211,b4:ef:39:c3:4a:2a,40:83:de:80:80:cc,mild
212,b4:ef:39:c3:4a:2a,08:c8:f5:4e:d4:fa,mild
213,b4:ef:39:c3:4a:2a,b4:9c:df:44:0b:33,mild
214,b4:ef:39:c3:4a:2a,04:69:f8:63:8b:cc,mild
215,b4:ef:39:c3:4a:2a,90:61:ae:25:a1:e3,mild
216,b4:ef:39:c3:4a:2a,7c:b2:7d:87:83:e5,mild
217,b4:ef:39:c3:4a:2a,9c:da:3e:7f:8e:65,mild
218,b4:ef:39:c3:4a:2a,7c:b2:7d:86:54:d4,mild
219,b4:ef:39:c3:4a:2a,0c:2f:b0:83:ee:82,mild
220,b4:ef:39:c3:4a:2a,cc:44:63:40:96:9d,mild
221,b4:ef:39:c3:4a:2a,5c:5f:67:8b:1b:9a,mild
222,b4:ef:39:c3:4a:2a,94:ee:9f:b1:e0:64,mild
223,b4:ef:39:c3:4a:2a,08:d8:33:ef:e7:7b,mild
224,b4:ef:39:c3:4a:2a,f8:2d:7c:dc:dc:b8,mild
225,b4:ef:39:c3:4a:2a,e4:a7:a0:99:bc:27,moderate
226,b4:ef:39:c3:4a:2a,f4:a1:7c:eb:49:8e,moderate
227,b4:ef:39:c3:4a:2a,98:10:e8:3a:c9:e4,moderate
228,b4:ef:39:c3:4a:2a,88:66:a5:3a:72:71,moderate
229,b4:ef:39:c3:4a:2a,88:66:a5:1a:ba:53,moderate
230,b4:ef:39:c3:4a:2a,88:66:a5:1f:0b:05,moderate
231,b4:ef:39:c3:4a:2a,1c:5c:f2:e8:8b:33,moderate
232,b4:ef:39:c3:4a:2a,e4:0e:ee:e6:4e:96,moderate
233,b4:ef:39:c3:4a:2a,7c:b2:7d:87:57:da,moderate
234,b4:ef:39:c3:4a:2a,9c:da:3e:7f:a0:03,moderate
235,b4:ef:39:c3:4a:2a,7c:b2:7d:85:d8:0b,moderate
236,b4:ef:39:c3:4a:2a,e4:a7:a0:99:dc:ac,moderate
237,b4:ef:39:c3:4a:2a,cc:44:63:3c:32:61,moderate
238,b4:ef:39:c3:4a:2a,00:b5:d0:90:d4:7d,moderate
239,b4:ef:39:c3:4a:2a,88:83:22:5d:24:66,moderate
240,b4:ef:39:c3:4a:2a,9c:da:3e:7e:f8:01,moderate
241,b4:ef:39:c3:4a:2a,88:66:a5:17:75:bc,moderate
242,b4:ef:39:c3:4a:2a,88:66:a5:e2:a1:60,moderate
243,b4:ef:39:c3:4a:2a,04:b4:29:6c:99:31,moderate
244,b4:ef:39:c3:4a:2a,a4:c3:f0:a1:fb:b7,moderate
245,b4:ef:39:c3:4a:2a,41:e6:14:17:de:f2,severe
246,b4:ef:39:c3:4a:2a,8c:f5:a3:cd:d2:db,severe
247,b4:ef:39:c3:4a:2a,a4:c3:f0:a5:f1:09,severe
248,b4:ef:39:c3:4a:2a,5c:5f:67:8b:e1:7e,severe
249,b4:ef:39:c3:4a:2a,dd:17:92:72:9c:51,severe
250,b4:ef:39:c3:4a:2a,98:10:e8:07:e0:5b,severe
251,98:c7:17:2d:6b:a0,00:ca:3f:34:77:f5,mild
252,98:c7:17:2d:6b:a0,15:9e:e7:6b:51:97,mild
253,98:c7:17:2d:6b:a0,90:6e:e1:0b:5c:cc,mild
254,98:c7:17:2d:6b:a0,d8:1c:79:db:a0:f7,mild
255,98:c7:17:2d:6b:a0,10:e8:89:d2:30:6d,mild
256,98:c7:17:2d:6b:a0,59:85:b6:61:c5:2a,mild
257,98:c7:17:2d:6b:a0,0d:81:24:f4:2c:79,mild
258,98:c7:17:2d:6b:a0,35:93:57:30:4a:9b,mild
259,98:c7:17:2d:6b:a0,3d:3b:79:0d:90:d3,moderate
260,98:c7:17:2d:6b:a0,5c:74:20:7c:0e:a6,moderate
261,98:c7:17:2d:6b:a0,89:a9:64:52:43:57,moderate
262,98:c7:17:2d:6b:a0,30:30:cc:92:2b:b6,moderate
263,98:c7:17:2d:6b:a0,7c:b2:7d:87:57:da,moderate
264,98:c7:17:2d:6b:a0,a4:c3:f0:a5:f1:72,severe
265,98:c7:17:2d:6b:a0,8c:f5:a3:cd:d2:db,severe
266,98:c7:17:2d:6b:a0,5c:5f:67:8b:e1:7f,severe
267,98:c7:17:2d:6b:a0,5c:5f:67:8b:e1:7e,severe
268,98:c7:17:2d:6b:a0,98:10:e8:3b:48:e3,severe
269,9c:da:3e:7f:8e:65,b4:ef:39:c3:4a:2a,mild
270,9c:da:3e:7f:8e:65,88:66:a5:17:75:bc,mild
271,9c:da:3e:7f:8e:65,7c:b2:7d:85:d8:0b,moderate
272,9c:da:3e:7f:8e:65,6c:96:cf:ac:18:82,moderate
273,9c:da:3e:7f:8e:65,1c:5c:f2:e8:8b:33,moderate
274,9c:da:3e:7f:8e:65,88:66:a5:3a:72:71,severe
275,9c:da:3e:7f:8e:65,a4:c3:f0:a1:fb:b7,severe
276,9c:da:3e:7f:8e:65,8c:f5:a3:cd:d2:db,severe
277,9c:da:3e:7f:8e:65,9c:da:3e:7f:a0:03,severe
278,9c:da:3e:7f:8e:65,88:66:a5:1f:0b:05,severe
279,9c:da:3e:7f:8e:65,98:10:e8:3b:48:e3,severe
280,9c:da:3e:7f:8e:65,9c:da:3e:7e:f8:01,severe
281,9c:da:3e:7f:8e:65,88:83:22:5d:24:66,severe
282,9c:da:3e:7f:8e:65,78:00:9e:93:6a:d0,severe
283,9c:da:3e:7f:8e:65,5c:5f:67:8b:1b:9a,severe
284,9c:da:3e:7f:8e:65,7c:b2:7d:87:d8:c7,severe
285,9c:da:3e:7f:8e:65,88:66:a5:e2:a1:60,severe
286,08:d8:33:ef:e7:7b,7c:b2:7d:87:57:da,mild
287,08:d8:33:ef:e7:7b,88:66:a5:1f:0b:05,mild
288,08:d8:33:ef:e7:7b,00:0b:82:d0:ff:35,mild
289,08:d8:33:ef:e7:7b,b4:ef:39:c3:4a:2a,mild
290,08:d8:33:ef:e7:7b,88:66:a5:17:75:bc,mild
291,08:d8:33:ef:e7:7b,1c:5c:f2:e8:8b:33,mild
292,08:d8:33:ef:e7:7b,00:b5:d0:90:d4:7d,moderate
293,08:d8:33:ef:e7:7b,d8:1c:79:db:a0:f7,moderate
294,08:d8:33:ef:e7:7b,7c:b2:7d:85:d8:0b,moderate
295,08:d8:33:ef:e7:7b,5c:5f:67:8b:e1:7e,moderate
296,08:d8:33:ef:e7:7b,90:61:ae:25:a1:e3,severe
297,08:d8:33:ef:e7:7b,10:8e:e0:b6:ca:da,severe
298,08:d8:33:ef:e7:7b,8c:f5:a3:cd:d2:db,severe
299,08:d8:33:ef:e7:7b,94:ee:9f:b1:e0:64,severe
300,08:d8:33:ef:e7:7b,88:83:22:5d:24:66,severe
301,08:d8:33:ef:e7:7b,e4:0e:ee:e6:4e:96,severe
302,08:d8:33:ef:e7:7b,78:00:9e:93:6a:d0,severe
303,08:d8:33:ef:e7:7b,98:10:e8:3b:48:e3,severe
304,08:d8:33:ef:e7:7b,7c:b2:7d:87:d8:c7,severe
305,08:d8:33:ef:e7:7b,88:66:a5:1a:ba:53,severe
306,88:66:a5:3a:72:71,e4:0e:ee:e6:4e:96,mild
307,88:66:a5:3a:72:71,a4:c3:f0:a5:f1:09,mild
308,88:66:a5:3a:72:71,c0:9a:d0:e7:e7:da,mild
309,88:66:a5:3a:72:71,88:66:a5:17:7b:51,mild
310,88:66:a5:3a:72:71,40:83:de:80:80:cc,mild
311,88:66:a5:3a:72:71,98:10:e8:3a:c9:e4,moderate
312,88:66:a5:3a:72:71,b4:ef:39:c3:4a:2a,moderate
313,88:66:a5:3a:72:71,7c:b2:7d:87:57:da,moderate
314,88:66:a5:3a:72:71,9c:da:3e:7f:a0:03,moderate
315,88:66:a5:3a:72:71,28:16:ad:17:e3:33,moderate
316,88:66:a5:3a:72:71,6c:96:cf:ac:18:82,moderate
317,88:66:a5:3a:72:71,98:10:e8:07:e0:5b,moderate
318,88:66:a5:3a:72:71,00:b5:d0:90:d4:7d,moderate
319,88:66:a5:3a:72:71,04:b4:29:6c:99:31,moderate
320,88:66:a5:3a:72:71,88:66:a5:17:75:bc,severe
321,88:66:a5:3a:72:71,a4:c3:f0:a1:fb:b7,severe
322,88:66:a5:3a:72:71,8c:f5:a3:cd:d2:db,severe
323,88:66:a5:3a:72:71,78:00:9e:93:6a:d0,severe
324,88:66:a5:3a:72:71,5c:5f:67:8b:1b:9a,severe
325,88:66:a5:3a:72:71,98:10:e8:3b:48:e3,severe
326,88:66:a5:3a:72:71,88:66:a5:e2:a1:60,severe
327,88:66:a5:3a:72:71,04:69:f8:63:8b:cc,severe
328,88:66:a5:3a:72:71,b4:9c:df:44:0b:33,severe
329,88:66:a5:3a:72:71,88:83:22:5d:24:66,severe
330,88:66:a5:3a:72:71,1c:5c:f2:e8:8b:33,severe
331,88:66:a5:3a:72:71,f8:2d:7c:dc:dc:b8,severe
332,88:66:a5:3a:72:71,88:66:a5:1a:ba:53,severe
333,88:66:a5:3a:72:71,28:16:ad:17:e3:32,severe
334,88:66:a5:3a:72:71,88:66:a5:1f:0b:05,severe
335,88:66:a5:3a:72:71,7c:b2:7d:85:d8:0b,severe
336,88:66:a5:3a:72:71,7c:b2:7d:86:54:d4,severe
337,88:66:a5:3a:72:71,e4:a7:a0:99:bc:27,severe
338,88:66:a5:3a:72:71,9c:da:3e:7f:8e:65,severe
339,88:66:a5:3a:72:71,9c:da:3e:7e:f8:01,severe
340,88:66:a5:3a:72:71,7c:b2:7d:87:d8:c7,severe
341,00:be:3b:e3:10:70,88:83:22:5d:24:66,moderate
342,00:be:3b:e3:10:70,8c:f5:a3:cd:d2:db,moderate
343,88:66:a5:1a:ba:53,9c:da:3e:7f:a0:03,mild
344,88:66:a5:1a:ba:53,d8:1c:79:db:a0:f7,mild
345,88:66:a5:1a:ba:53,7c:b2:7d:87:57:da,mild
346,88:66:a5:1a:ba:53,78:00:9e:93:6a:d0,mild
347,88:66:a5:1a:ba:53,88:66:a5:1f:0b:05,mild
348,88:66:a5:1a:ba:53,c0:9a:d0:e7:e7:da,mild
349,88:66:a5:1a:ba:53,98:10:e8:07:e0:5b,mild
350,88:66:a5:1a:ba:53,7c:b2:7d:87:d8:c7,mild
351,88:66:a5:1a:ba:53,00:0b:82:d0:ff:35,mild
352,88:66:a5:1a:ba:53,c0:b6:58:a2:3c:78,mild
353,88:66:a5:1a:ba:53,98:10:e8:3b:48:e3,mild
354,88:66:a5:1a:ba:53,00:b5:d0:90:d4:7d,mild
355,88:66:a5:1a:ba:53,90:61:ae:25:a1:e3,mild
356,88:66:a5:1a:ba:53,94:ee:9f:b1:e0:64,mild
357,88:66:a5:1a:ba:53,88:66:a5:17:7b:51,moderate
358,88:66:a5:1a:ba:53,b4:9c:df:44:0b:33,moderate
359,88:66:a5:1a:ba:53,28:16:ad:17:e3:33,moderate
360,88:66:a5:1a:ba:53,b4:ef:39:c3:4a:2a,moderate
361,88:66:a5:1a:ba:53,cc:44:63:3c:32:61,moderate
362,88:66:a5:1a:ba:53,88:66:a5:3a:72:71,severe
363,88:66:a5:1a:ba:53,28:16:ad:17:e3:32,severe
364,88:66:a5:1a:ba:53,88:66:a5:17:75:bc,severe
365,88:66:a5:1a:ba:53,04:69:f8:63:8b:cc,severe
366,88:66:a5:1a:ba:53,7c:b2:7d:86:54:d4,severe
367,88:66:a5:1a:ba:53,8c:f5:a3:cd:d2:db,severe
368,88:66:a5:1a:ba:53,e4:a7:a0:99:bc:27,severe
369,88:66:a5:1a:ba:53,a4:c3:f0:a5:f1:09,severe
370,88:66:a5:1a:ba:53,7c:b2:7d:85:d8:0b,severe
371,88:66:a5:1a:ba:53,88:83:22:5d:24:66,severe
372,88:66:a5:1a:ba:53,f8:2d:7c:dc:dc:b8,severe
373,88:66:a5:1a:ba:53,08:d8:33:ef:e7:7b,severe
374,6c:96:cf:ac:18:82,b4:ef:39:c3:4a:2a,mild
375,6c:96:cf:ac:18:82,88:66:a5:17:75:bc,mild
376,6c:96:cf:ac:18:82,5c:5f:67:8b:1b:9a,moderate
377,6c:96:cf:ac:18:82,7c:b2:7d:85:d8:0b,moderate
378,6c:96:cf:ac:18:82,9c:da:3e:7f:a0:03,moderate
379,6c:96:cf:ac:18:82,88:83:22:5d:24:66,moderate
380,6c:96:cf:ac:18:82,9c:da:3e:7e:f8:01,moderate
381,6c:96:cf:ac:18:82,8c:f5:a3:cd:d2:db,moderate
382,6c:96:cf:ac:18:82,a4:c3:f0:a1:fb:b7,moderate
383,6c:96:cf:ac:18:82,7c:b2:7d:87:d8:c7,moderate
384,6c:96:cf:ac:18:82,88:66:a5:3a:72:71,moderate
385,6c:96:cf:ac:18:82,9c:da:3e:7f:8e:65,moderate
386,6c:96:cf:ac:18:82,1c:5c:f2:e8:8b:33,moderate
387,6c:96:cf:ac:18:82,98:10:e8:3b:48:e3,moderate
388,6c:96:cf:ac:18:82,78:00:9e:93:6a:d0,moderate
389,6c:96:cf:ac:18:82,88:66:a5:e2:a1:60,severe
390,6c:96:cf:ac:18:82,88:66:a5:1f:0b:05,severe
391,9c:ba:e3:38:e3:74,8c:f5:a3:cd:d2:db,mild
392,9c:ba:e3:38:e3:74,88:66:a5:17:7b:51,mild
393,9c:ba:e3:38:e3:74,04:b4:29:6c:99:31,mild
394,7c:b2:7d:87:57:da,88:66:a5:1a:ba:53,mild
395,7c:b2:7d:87:57:da,90:6e:e1:0b:5c:cc,mild
396,7c:b2:7d:87:57:da,10:e8:89:d2:30:6d,mild
397,7c:b2:7d:87:57:da,e4:0e:ee:e6:4e:96,mild
398,7c:b2:7d:87:57:da,78:00:9e:93:6a:d0,mild
399,7c:b2:7d:87:57:da,35:93:57:30:4a:9b,mild
400,7c:b2:7d:87:57:da,c1:a2:98:79:ba:c4,mild
401,7c:b2:7d:87:57:da,7c:b2:7d:87:d8:c7,mild
402,7c:b2:7d:87:57:da,00:0b:82:d0:ff:35,mild
403,7c:b2:7d:87:57:da,cc:44:63:3c:32:61,mild
404,7c:b2:7d:87:57:da,00:ca:3f:34:77:f5,mild
405,7c:b2:7d:87:57:da,88:e9:fe:d4:1d:59,mild
406,7c:b2:7d:87:57:da,08:c8:f5:4e:d4:fa,mild
407,7c:b2:7d:87:57:da,40:83:de:80:80:cc,mild
408,7c:b2:7d:87:57:da,59:85:b6:61:c5:2a,mild
409,7c:b2:7d:87:57:da,0d:81:24:f4:2c:79,mild
410,7c:b2:7d:87:57:da,90:61:ae:25:a1:e3,mild
411,7c:b2:7d:87:57:da,88:83:22:5d:24:66,mild
412,7c:b2:7d:87:57:da,e4:a7:a0:99:dc:ac,mild
413,7c:b2:7d:87:57:da,15:9e:e7:6b:51:97,mild
414,7c:b2:7d:87:57:da,94:ee:9f:b1:e0:64,mild
415,7c:b2:7d:87:57:da,08:d8:33:ef:e7:7b,mild
416,7c:b2:7d:87:57:da,5c:5f:67:8b:e1:7e,moderate
417,7c:b2:7d:87:57:da,98:10:e8:3a:c9:e4,moderate
418,7c:b2:7d:87:57:da,88:66:a5:3a:72:71,moderate
419,7c:b2:7d:87:57:da,88:66:a5:1f:0b:05,moderate
420,7c:b2:7d:87:57:da,1c:5c:f2:e8:8b:33,moderate
421,7c:b2:7d:87:57:da,b4:ef:39:c3:4a:2a,moderate
422,7c:b2:7d:87:57:da,9c:da:3e:7f:a0:03,moderate
423,7c:b2:7d:87:57:da,5c:5f:67:8b:e1:7f,moderate
424,7c:b2:7d:87:57:da,88:66:a5:17:7b:51,moderate
425,7c:b2:7d:87:57:da,98:c7:17:2d:6b:a0,moderate
426,7c:b2:7d:87:57:da,3d:3b:79:0d:90:d3,moderate
427,7c:b2:7d:87:57:da,a4:c3:f0:a5:f1:72,moderate
428,7c:b2:7d:87:57:da,89:a9:64:52:43:57,moderate
429,7c:b2:7d:87:57:da,30:30:cc:92:2b:b6,moderate
430,7c:b2:7d:87:57:da,00:b5:d0:90:d4:7d,moderate
431,7c:b2:7d:87:57:da,9c:da:3e:7e:f8:01,moderate
432,7c:b2:7d:87:57:da,88:66:a5:17:75:bc,moderate
433,7c:b2:7d:87:57:da,88:66:a5:e2:a1:60,moderate
434,7c:b2:7d:87:57:da,04:b4:29:6c:99:31,moderate
435,7c:b2:7d:87:57:da,a4:c3:f0:a1:fb:b7,moderate
436,7c:b2:7d:87:57:da,5c:74:20:7c:0e:a6,moderate
437,7c:b2:7d:87:57:da,d8:1c:79:db:a0:f7,moderate
438,7c:b2:7d:87:57:da,7c:b2:7d:87:83:e6,moderate
439,7c:b2:7d:87:57:da,cc:44:63:40:96:9d,severe
440,7c:b2:7d:87:57:da,8c:f5:a3:cd:d2:db,severe
441,7c:b2:7d:87:57:da,7c:b2:7d:87:83:e5,severe
442,7c:b2:7d:87:57:da,3c:bf:60:65:36:3c,severe
443,7c:b2:7d:87:57:da,98:10:e8:3b:48:e3,severe
444,5c:74:20:7c:0e:a6,00:ca:3f:34:77:f5,mild
445,5c:74:20:7c:0e:a6,15:9e:e7:6b:51:97,mild
446,5c:74:20:7c:0e:a6,90:6e:e1:0b:5c:cc,mild
447,5c:74:20:7c:0e:a6,d8:1c:79:db:a0:f7,mild
448,5c:74:20:7c:0e:a6,10:e8:89:d2:30:6d,mild
449,5c:74:20:7c:0e:a6,59:85:b6:61:c5:2a,mild
450,5c:74:20:7c:0e:a6,0d:81:24:f4:2c:79,mild
451,5c:74:20:7c:0e:a6,35:93:57:30:4a:9b,mild
452,5c:74:20:7c:0e:a6,3d:3b:79:0d:90:d3,moderate
453,5c:74:20:7c:0e:a6,5c:5f:67:8b:e1:7f,moderate
454,5c:74:20:7c:0e:a6,5c:5f:67:8b:e1:7e,moderate
455,5c:74:20:7c:0e:a6,8c:f5:a3:cd:d2:db,moderate
456,5c:74:20:7c:0e:a6,98:c7:17:2d:6b:a0,moderate
457,5c:74:20:7c:0e:a6,a4:c3:f0:a5:f1:72,moderate
458,5c:74:20:7c:0e:a6,89:a9:64:52:43:57,moderate
459,5c:74:20:7c:0e:a6,30:30:cc:92:2b:b6,moderate
460,5c:74:20:7c:0e:a6,98:10:e8:3b:48:e3,moderate
461,5c:74:20:7c:0e:a6,7c:b2:7d:87:57:da,moderate
462,dd:17:92:72:9c:51,f4:a1:7c:eb:49:8e,moderate
463,dd:17:92:72:9c:51,5c:5f:67:8b:e1:7e,severe
464,dd:17:92:72:9c:51,41:e6:14:17:de:f2,severe
465,dd:17:92:72:9c:51,b4:ef:39:c3:4a:2a,severe
466,dd:17:92:72:9c:51,8c:f5:a3:cd:d2:db,severe
467,35:93:57:30:4a:9b,5c:5f:67:8b:e1:7f,mild
468,35:93:57:30:4a:9b,90:6e:e1:0b:5c:cc,mild
469,35:93:57:30:4a:9b,d8:1c:79:db:a0:f7,mild
470,35:93:57:30:4a:9b,7c:b2:7d:87:57:da,mild
471,35:93:57:30:4a:9b,30:30:cc:92:2b:b6,mild
472,35:93:57:30:4a:9b,89:a9:64:52:43:57,mild
473,35:93:57:30:4a:9b,3d:3b:79:0d:90:d3,mild
474,35:93:57:30:4a:9b,59:85:b6:61:c5:2a,mild
475,35:93:57:30:4a:9b,5c:74:20:7c:0e:a6,mild
476,35:93:57:30:4a:9b,98:c7:17:2d:6b:a0,mild
477,35:93:57:30:4a:9b,00:ca:3f:34:77:f5,moderate
478,35:93:57:30:4a:9b,15:9e:e7:6b:51:97,moderate
479,35:93:57:30:4a:9b,a4:c3:f0:a5:f1:72,severe
480,35:93:57:30:4a:9b,8c:f5:a3:cd:d2:db,severe
481,35:93:57:30:4a:9b,5c:5f:67:8b:e1:7e,severe
482,35:93:57:30:4a:9b,0d:81:24:f4:2c:79,severe
483,35:93:57:30:4a:9b,10:e8:89:d2:30:6d,severe
484,35:93:57:30:4a:9b,98:10:e8:3b:48:e3,severe
485,28:16:ad:17:e3:32,9c:da:3e:7f:a0:03,mild
486,28:16:ad:17:e3:32,a4:c3:f0:a5:f1:09,mild
487,28:16:ad:17:e3:32,c0:9a:d0:e7:e7:da,mild
488,28:16:ad:17:e3:32,98:10:e8:07:e0:5b,mild
489,28:16:ad:17:e3:32,98:10:e8:3b:48:e3,mild
490,28:16:ad:17:e3:32,b4:ef:39:c3:4a:2a,mild
491,28:16:ad:17:e3:32,88:66:a5:1f:0b:05,moderate
492,28:16:ad:17:e3:32,5c:5f:67:8b:1b:9a,moderate
493,28:16:ad:17:e3:32,88:66:a5:17:75:bc,moderate
494,28:16:ad:17:e3:32,28:16:ad:17:e3:33,moderate
495,28:16:ad:17:e3:32,88:66:a5:3a:72:71,severe
496,28:16:ad:17:e3:32,04:69:f8:63:8b:cc,severe
497,28:16:ad:17:e3:32,7c:b2:7d:86:54:d4,severe
498,28:16:ad:17:e3:32,8c:f5:a3:cd:d2:db,severe
499,28:16:ad:17:e3:32,e4:a7:a0:99:bc:27,severe
500,28:16:ad:17:e3:32,b4:9c:df:44:0b:33,severe
501,28:16:ad:17:e3:32,7c:b2:7d:85:d8:0b,severe
502,28:16:ad:17:e3:32,f8:2d:7c:dc:dc:b8,severe
503,28:16:ad:17:e3:32,88:66:a5:1a:ba:53,severe
504,8c:f5:a3:cd:d2:db,90:6e:e1:0b:5c:cc,mild
505,8c:f5:a3:cd:d2:db,9c:ba:e3:38:e3:74,mild
506,8c:f5:a3:cd:d2:db,c0:9a:d0:e7:e7:da,mild
507,8c:f5:a3:cd:d2:db,08:c8:f5:4e:d4:fa,mild
508,8c:f5:a3:cd:d2:db,59:85:b6:61:c5:2a,mild
509,8c:f5:a3:cd:d2:db,0c:2f:b0:83:ee:82,mild
510,8c:f5:a3:cd:d2:db,84:56:45:a2:14:ba,mild
511,8c:f5:a3:cd:d2:db,00:ca:3f:34:77:f5,moderate
512,8c:f5:a3:cd:d2:db,f4:a1:7c:eb:49:8e,moderate
513,8c:f5:a3:cd:d2:db,15:9e:e7:6b:51:97,moderate
514,8c:f5:a3:cd:d2:db,00:0b:82:d0:ff:35,moderate
515,8c:f5:a3:cd:d2:db,9c:da:3e:7f:a0:03,moderate
516,8c:f5:a3:cd:d2:db,28:16:ad:17:e3:33,moderate
517,8c:f5:a3:cd:d2:db,40:83:de:80:80:cc,moderate
518,8c:f5:a3:cd:d2:db,6c:96:cf:ac:18:82,moderate
519,8c:f5:a3:cd:d2:db,00:be:3b:e3:10:70,moderate
520,8c:f5:a3:cd:d2:db,b4:9c:df:44:0b:33,moderate
521,8c:f5:a3:cd:d2:db,49:49:89:ec:71:db,moderate
522,8c:f5:a3:cd:d2:db,c1:a2:98:79:ba:c4,moderate
523,8c:f5:a3:cd:d2:db,88:66:a5:17:75:bc,moderate
524,8c:f5:a3:cd:d2:db,5c:74:20:7c:0e:a6,moderate
525,8c:f5:a3:cd:d2:db,7c:b2:7d:87:83:e6,moderate
526,8c:f5:a3:cd:d2:db,88:66:a5:3a:72:71,severe
527,8c:f5:a3:cd:d2:db,88:66:a5:17:7b:51,severe
528,8c:f5:a3:cd:d2:db,10:8e:e0:b6:ca:da,severe
529,8c:f5:a3:cd:d2:db,98:c7:17:2d:6b:a0,severe
530,8c:f5:a3:cd:d2:db,a4:c3:f0:a5:f1:72,severe
531,8c:f5:a3:cd:d2:db,a4:c3:f0:a1:fb:b7,severe
532,8c:f5:a3:cd:d2:db,94:ee:9f:b1:e0:64,severe
533,8c:f5:a3:cd:d2:db,89:a9:64:52:43:57,severe
534,8c:f5:a3:cd:d2:db,d8:1c:79:db:a0:f7,severe
535,8c:f5:a3:cd:d2:db,e4:0e:ee:e6:4e:96,severe
536,8c:f5:a3:cd:d2:db,78:00:9e:93:6a:d0,severe
537,8c:f5:a3:cd:d2:db,5c:5f:67:8b:1b:9a,severe
538,8c:f5:a3:cd:d2:db,98:10:e8:3b:48:e3,severe
539,8c:f5:a3:cd:d2:db,dd:17:92:72:9c:51,severe
540,8c:f5:a3:cd:d2:db,88:66:a5:e2:a1:60,severe
541,8c:f5:a3:cd:d2:db,08:d8:33:ef:e7:7b,severe
542,8c:f5:a3:cd:d2:db,04:69:f8:63:8b:cc,severe
543,8c:f5:a3:cd:d2:db,a4:c3:f0:a5:f1:09,severe
544,8c:f5:a3:cd:d2:db,88:83:22:5d:24:66,severe
545,8c:f5:a3:cd:d2:db,1c:5c:f2:e8:8b:33,severe
546,8c:f5:a3:cd:d2:db,f8:2d:7c:dc:dc:b8,severe
547,8c:f5:a3:cd:d2:db,88:66:a5:1a:ba:53,severe
548,8c:f5:a3:cd:d2:db,98:10:e8:07:e0:5b,severe
549,8c:f5:a3:cd:d2:db,7c:b2:7d:87:57:da,severe
550,8c:f5:a3:cd:d2:db,28:16:ad:17:e3:32,severe
551,8c:f5:a3:cd:d2:db,41:e6:14:17:de:f2,severe
552,8c:f5:a3:cd:d2:db,88:66:a5:1f:0b:05,severe
553,8c:f5:a3:cd:d2:db,7c:b2:7d:87:83:e5,severe
554,8c:f5:a3:cd:d2:db,7c:b2:7d:85:d8:0b,severe
555,8c:f5:a3:cd:d2:db,5c:5f:67:8b:e1:7e,severe
556,8c:f5:a3:cd:d2:db,88:e9:fe:d4:1d:59,severe
557,8c:f5:a3:cd:d2:db,0d:81:24:f4:2c:79,severe
558,8c:f5:a3:cd:d2:db,10:e8:89:d2:30:6d,severe
559,8c:f5:a3:cd:d2:db,35:93:57:30:4a:9b,severe
560,8c:f5:a3:cd:d2:db,30:30:cc:92:2b:b6,severe
561,8c:f5:a3:cd:d2:db,b4:ef:39:c3:4a:2a,severe
562,8c:f5:a3:cd:d2:db,98:10:e8:3a:c9:e4,severe
563,8c:f5:a3:cd:d2:db,90:61:ae:25:a1:e3,severe
564,8c:f5:a3:cd:d2:db,cc:44:63:40:96:9d,severe
565,8c:f5:a3:cd:d2:db,7c:b2:7d:86:54:d4,severe
566,8c:f5:a3:cd:d2:db,04:b4:29:6c:99:31,severe
567,8c:f5:a3:cd:d2:db,9c:da:3e:7f:8e:65,severe
568,8c:f5:a3:cd:d2:db,cc:44:63:3c:32:61,severe
569,8c:f5:a3:cd:d2:db,e4:a7:a0:99:bc:27,severe
570,8c:f5:a3:cd:d2:db,5c:5f:67:8b:e1:7f,severe
571,8c:f5:a3:cd:d2:db,9c:da:3e:7e:f8:01,severe
572,8c:f5:a3:cd:d2:db,e4:a7:a0:99:dc:ac,severe
573,8c:f5:a3:cd:d2:db,00:b5:d0:90:d4:7d,severe
574,8c:f5:a3:cd:d2:db,3c:bf:60:65:36:3c,severe
575,8c:f5:a3:cd:d2:db,3d:3b:79:0d:90:d3,severe
576,8c:f5:a3:cd:d2:db,7c:b2:7d:87:d8:c7,severe
577,98:10:e8:07:e0:5b,28:16:ad:17:e3:32,mild
578,98:10:e8:07:e0:5b,88:66:a5:1a:ba:53,mild
579,98:10:e8:07:e0:5b,7c:b2:7d:86:54:d4,mild
580,98:10:e8:07:e0:5b,f8:2d:7c:dc:dc:b8,mild
581,98:10:e8:07:e0:5b,c0:9a:d0:e7:e7:da,mild
582,98:10:e8:07:e0:5b,e4:a7:a0:99:bc:27,mild
583,98:10:e8:07:e0:5b,7c:b2:7d:87:d8:c7,mild
584,98:10:e8:07:e0:5b,28:16:ad:17:e3:33,mild
585,98:10:e8:07:e0:5b,b4:9c:df:44:0b:33,mild
586,98:10:e8:07:e0:5b,88:66:a5:17:7b:51,mild
587,98:10:e8:07:e0:5b,7c:b2:7d:85:d8:0b,moderate
588,98:10:e8:07:e0:5b,88:66:a5:17:75:bc,moderate
589,98:10:e8:07:e0:5b,04:69:f8:63:8b:cc,moderate
590,98:10:e8:07:e0:5b,88:66:a5:3a:72:71,moderate
591,98:10:e8:07:e0:5b,88:66:a5:1f:0b:05,moderate
592,98:10:e8:07:e0:5b,a4:c3:f0:a5:f1:09,severe
593,98:10:e8:07:e0:5b,b4:ef:39:c3:4a:2a,severe
594,98:10:e8:07:e0:5b,8c:f5:a3:cd:d2:db,severe
595,c1:a2:98:79:ba:c4,5c:5f:67:8b:e1:7f,mild
596,c1:a2:98:79:ba:c4,5c:5f:67:8b:e1:7e,mild
597,c1:a2:98:79:ba:c4,98:10:e8:3b:48:e3,mild
598,c1:a2:98:79:ba:c4,88:e9:fe:d4:1d:59,mild
599,c1:a2:98:79:ba:c4,b4:ef:39:c3:4a:2a,mild
600,c1:a2:98:79:ba:c4,d8:1c:79:db:a0:f7,mild
601,c1:a2:98:79:ba:c4,88:66:a5:17:7b:51,mild
602,c1:a2:98:79:ba:c4,08:c8:f5:4e:d4:fa,mild
603,c1:a2:98:79:ba:c4,7c:b2:7d:87:57:da,mild
604,c1:a2:98:79:ba:c4,cc:44:63:40:96:9d,mild
605,c1:a2:98:79:ba:c4,7c:b2:7d:87:83:e6,mild
606,c1:a2:98:79:ba:c4,78:00:9e:93:6a:d0,mild
607,c1:a2:98:79:ba:c4,7c:b2:7d:87:83:e5,mild
608,c1:a2:98:79:ba:c4,3c:bf:60:65:36:3c,moderate
609,c1:a2:98:79:ba:c4,e4:a7:a0:99:dc:ac,moderate
610,c1:a2:98:79:ba:c4,8c:f5:a3:cd:d2:db,moderate
611,c1:a2:98:79:ba:c4,cc:44:63:3c:32:61,moderate
612,c0:b6:58:a2:3c:78,88:66:a5:1a:ba:53,mild
613,c0:b6:58:a2:3c:78,a4:c3:f0:a5:f1:09,mild
614,c0:b6:58:a2:3c:78,e4:a7:a0:99:bc:27,mild
615,e1:d2:38:d2:60:6d,a4:c3:f0:a5:f1:72,mild
616,5c:5f:67:8b:e1:7f,90:6e:e1:0b:5c:cc,mild
617,5c:5f:67:8b:e1:7f,d8:1c:79:db:a0:f7,mild
618,5c:5f:67:8b:e1:7f,10:e8:89:d2:30:6d,mild
619,5c:5f:67:8b:e1:7f,78:00:9e:93:6a:d0,mild
620,5c:5f:67:8b:e1:7f,35:93:57:30:4a:9b,mild
621,5c:5f:67:8b:e1:7f,c1:a2:98:79:ba:c4,mild
622,5c:5f:67:8b:e1:7f,cc:44:63:3c:32:61,mild
623,5c:5f:67:8b:e1:7f,88:66:a5:17:7b:51,mild
624,5c:5f:67:8b:e1:7f,00:ca:3f:34:77:f5,mild
625,5c:5f:67:8b:e1:7f,3c:bf:60:65:36:3c,mild
626,5c:5f:67:8b:e1:7f,88:e9:fe:d4:1d:59,mild
627,5c:5f:67:8b:e1:7f,08:c8:f5:4e:d4:fa,mild
628,5c:5f:67:8b:e1:7f,59:85:b6:61:c5:2a,mild
629,5c:5f:67:8b:e1:7f,0d:81:24:f4:2c:79,mild
630,5c:5f:67:8b:e1:7f,7c:b2:7d:87:83:e5,mild
631,5c:5f:67:8b:e1:7f,15:9e:e7:6b:51:97,mild
632,5c:5f:67:8b:e1:7f,b4:ef:39:c3:4a:2a,mild
633,5c:5f:67:8b:e1:7f,cc:44:63:40:96:9d,mild
634,5c:5f:67:8b:e1:7f,7c:b2:7d:87:83:e6,mild
635,5c:5f:67:8b:e1:7f,3d:3b:79:0d:90:d3,moderate
636,5c:5f:67:8b:e1:7f,e4:a7:a0:99:dc:ac,moderate
637,5c:5f:67:8b:e1:7f,5c:74:20:7c:0e:a6,moderate
638,5c:5f:67:8b:e1:7f,89:a9:64:52:43:57,moderate
639,5c:5f:67:8b:e1:7f,30:30:cc:92:2b:b6,moderate
640,5c:5f:67:8b:e1:7f,7c:b2:7d:87:57:da,moderate
641,5c:5f:67:8b:e1:7f,98:c7:17:2d:6b:a0,severe
642,5c:5f:67:8b:e1:7f,a4:c3:f0:a5:f1:72,severe
643,5c:5f:67:8b:e1:7f,8c:f5:a3:cd:d2:db,severe
644,5c:5f:67:8b:e1:7f,5c:5f:67:8b:e1:7e,severe
645,5c:5f:67:8b:e1:7f,98:10:e8:3b:48:e3,severe
646,00:ca:3f:34:77:f5,5c:5f:67:8b:e1:7f,mild
647,00:ca:3f:34:77:f5,90:6e:e1:0b:5c:cc,mild
648,00:ca:3f:34:77:f5,d8:1c:79:db:a0:f7,mild
649,00:ca:3f:34:77:f5,7c:b2:7d:87:57:da,mild
650,00:ca:3f:34:77:f5,30:30:cc:92:2b:b6,mild
651,00:ca:3f:34:77:f5,89:a9:64:52:43:57,mild
652,00:ca:3f:34:77:f5,3d:3b:79:0d:90:d3,mild
653,00:ca:3f:34:77:f5,59:85:b6:61:c5:2a,mild
654,00:ca:3f:34:77:f5,5c:74:20:7c:0e:a6,mild
655,00:ca:3f:34:77:f5,98:c7:17:2d:6b:a0,mild
656,00:ca:3f:34:77:f5,5c:5f:67:8b:e1:7e,moderate
657,00:ca:3f:34:77:f5,10:e8:89:d2:30:6d,moderate
658,00:ca:3f:34:77:f5,35:93:57:30:4a:9b,moderate
659,00:ca:3f:34:77:f5,8c:f5:a3:cd:d2:db,moderate
660,00:ca:3f:34:77:f5,0d:81:24:f4:2c:79,moderate
661,00:ca:3f:34:77:f5,a4:c3:f0:a5:f1:72,moderate
662,00:ca:3f:34:77:f5,15:9e:e7:6b:51:97,moderate
663,00:ca:3f:34:77:f5,98:10:e8:3b:48:e3,moderate
664,40:83:de:80:80:cc,88:66:a5:1f:0b:05,mild
665,40:83:de:80:80:cc,b4:ef:39:c3:4a:2a,mild
666,40:83:de:80:80:cc,9c:da:3e:7f:a0:03,mild
667,40:83:de:80:80:cc,a4:c3:f0:a1:fb:b7,mild
668,40:83:de:80:80:cc,7c:b2:7d:87:57:da,mild
669,40:83:de:80:80:cc,88:66:a5:e2:a1:60,mild
670,40:83:de:80:80:cc,00:b5:d0:90:d4:7d,mild
671,40:83:de:80:80:cc,e4:0e:ee:e6:4e:96,mild
672,40:83:de:80:80:cc,9c:da:3e:7e:f8:01,mild
673,40:83:de:80:80:cc,04:b4:29:6c:99:31,mild
674,40:83:de:80:80:cc,88:66:a5:17:75:bc,mild
675,40:83:de:80:80:cc,88:66:a5:3a:72:71,mild
676,40:83:de:80:80:cc,1c:5c:f2:e8:8b:33,moderate
677,40:83:de:80:80:cc,98:10:e8:3b:48:e3,moderate
678,40:83:de:80:80:cc,8c:f5:a3:cd:d2:db,moderate
679,40:83:de:80:80:cc,98:10:e8:3a:c9:e4,moderate
680,08:c8:f5:4e:d4:fa,e4:a7:a0:99:dc:ac,mild
681,08:c8:f5:4e:d4:fa,5c:5f:67:8b:e1:7f,mild
682,08:c8:f5:4e:d4:fa,5c:5f:67:8b:e1:7e,mild
683,08:c8:f5:4e:d4:fa,8c:f5:a3:cd:d2:db,mild
684,08:c8:f5:4e:d4:fa,98:10:e8:3b:48:e3,mild
685,08:c8:f5:4e:d4:fa,3c:bf:60:65:36:3c,mild
686,08:c8:f5:4e:d4:fa,88:e9:fe:d4:1d:59,mild
687,08:c8:f5:4e:d4:fa,b4:ef:39:c3:4a:2a,mild
688,08:c8:f5:4e:d4:fa,c1:a2:98:79:ba:c4,mild
689,08:c8:f5:4e:d4:fa,d8:1c:79:db:a0:f7,mild
690,08:c8:f5:4e:d4:fa,88:66:a5:17:7b:51,mild
691,08:c8:f5:4e:d4:fa,7c:b2:7d:87:57:da,mild
692,08:c8:f5:4e:d4:fa,cc:44:63:40:96:9d,mild
693,08:c8:f5:4e:d4:fa,cc:44:63:3c:32:61,mild
694,08:c8:f5:4e:d4:fa,7c:b2:7d:87:83:e6,mild
695,08:c8:f5:4e:d4:fa,78:00:9e:93:6a:d0,mild
696,08:c8:f5:4e:d4:fa,7c:b2:7d:87:83:e5,mild
697,04:69:f8:63:8b:cc,b4:ef:39:c3:4a:2a,mild
698,04:69:f8:63:8b:cc,c0:9a:d0:e7:e7:da,mild
699,04:69:f8:63:8b:cc,7c:b2:7d:87:d8:c7,mild
700,04:69:f8:63:8b:cc,88:66:a5:17:7b:51,moderate
701,04:69:f8:63:8b:cc,28:16:ad:17:e3:33,moderate
702,04:69:f8:63:8b:cc,a4:c3:f0:a5:f1:09,moderate
703,04:69:f8:63:8b:cc,98:10:e8:07:e0:5b,moderate
704,04:69:f8:63:8b:cc,88:66:a5:3a:72:71,severe
705,04:69:f8:63:8b:cc,28:16:ad:17:e3:32,severe
706,04:69:f8:63:8b:cc,88:66:a5:17:75:bc,severe
707,04:69:f8:63:8b:cc,7c:b2:7d:86:54:d4,severe
708,04:69:f8:63:8b:cc,b4:9c:df:44:0b:33,severe
709,04:69:f8:63:8b:cc,8c:f5:a3:cd:d2:db,severe
710,04:69:f8:63:8b:cc,e4:a7:a0:99:bc:27,severe
711,04:69:f8:63:8b:cc,88:66:a5:1f:0b:05,severe
712,04:69:f8:63:8b:cc,7c:b2:7d:85:d8:0b,severe
713,04:69:f8:63:8b:cc,f8:2d:7c:dc:dc:b8,severe
714,04:69:f8:63:8b:cc,88:66:a5:1a:ba:53,severe
715,88:83:22:5d:24:66,7c:b2:7d:87:57:da,mild
716,88:83:22:5d:24:66,e4:0e:ee:e6:4e:96,mild
717,88:83:22:5d:24:66,a4:c3:f0:a5:f1:72,mild
718,88:83:22:5d:24:66,00:0b:82:d0:ff:35,mild
719,88:83:22:5d:24:66,10:8e:e0:b6:ca:da,mild
720,88:83:22:5d:24:66,98:10:e8:3a:c9:e4,mild
721,88:83:22:5d:24:66,00:b5:d0:90:d4:7d,mild
722,88:83:22:5d:24:66,1c:5c:f2:e8:8b:33,moderate
723,88:83:22:5d:24:66,b4:ef:39:c3:4a:2a,moderate
724,88:83:22:5d:24:66,7c:b2:7d:85:d8:0b,moderate
725,88:83:22:5d:24:66,9c:da:3e:7f:a0:03,moderate
726,88:83:22:5d:24:66,6c:96:cf:ac:18:82,moderate
727,88:83:22:5d:24:66,00:be:3b:e3:10:70,moderate
728,88:83:22:5d:24:66,0c:2f:b0:83:ee:82,moderate
729,88:83:22:5d:24:66,cc:44:63:3c:32:61,moderate
730,88:83:22:5d:24:66,88:66:a5:3a:72:71,severe
731,88:83:22:5d:24:66,90:61:ae:25:a1:e3,severe
732,88:83:22:5d:24:66,5c:5f:67:8b:1b:9a,severe
733,88:83:22:5d:24:66,88:66:a5:17:75:bc,severe
734,88:83:22:5d:24:66,a4:c3:f0:a1:fb:b7,severe
735,88:83:22:5d:24:66,8c:f5:a3:cd:d2:db,severe
736,88:83:22:5d:24:66,9c:da:3e:7f:8e:65,severe
737,88:83:22:5d:24:66,a4:c3:f0:a5:f1:09,severe
738,88:83:22:5d:24:66,94:ee:9f:b1:e0:64,severe
739,88:83:22:5d:24:66,88:66:a5:1f:0b:05,severe
740,88:83:22:5d:24:66,9c:da:3e:7e:f8:01,severe
741,88:83:22:5d:24:66,d8:1c:79:db:a0:f7,severe
742,88:83:22:5d:24:66,78:00:9e:93:6a:d0,severe
743,88:83:22:5d:24:66,98:10:e8:3b:48:e3,severe
744,88:83:22:5d:24:66,7c:b2:7d:87:d8:c7,severe
745,88:83:22:5d:24:66,88:66:a5:e2:a1:60,severe
746,88:83:22:5d:24:66,08:d8:33:ef:e7:7b,severe
747,88:83:22:5d:24:66,88:66:a5:1a:ba:53,severe
748,7c:b2:7d:87:83:e5,5c:5f:67:8b:e1:7f,mild
749,7c:b2:7d:87:83:e5,b4:ef:39:c3:4a:2a,mild
750,7c:b2:7d:87:83:e5,08:c8:f5:4e:d4:fa,mild
751,7c:b2:7d:87:83:e5,c1:a2:98:79:ba:c4,mild
752,7c:b2:7d:87:83:e5,cc:44:63:3c:32:61,moderate
753,7c:b2:7d:87:83:e5,88:66:a5:17:7b:51,moderate
754,7c:b2:7d:87:83:e5,5c:5f:67:8b:e1:7e,moderate
755,7c:b2:7d:87:83:e5,78:00:9e:93:6a:d0,moderate
756,7c:b2:7d:87:83:e5,7c:b2:7d:87:83:e6,moderate
757,7c:b2:7d:87:83:e5,cc:44:63:40:96:9d,severe
758,7c:b2:7d:87:83:e5,7c:b2:7d:87:57:da,severe
759,7c:b2:7d:87:83:e5,8c:f5:a3:cd:d2:db,severe
760,7c:b2:7d:87:83:e5,e4:a7:a0:99:dc:ac,severe
761,7c:b2:7d:87:83:e5,d8:1c:79:db:a0:f7,severe
762,7c:b2:7d:87:83:e5,3c:bf:60:65:36:3c,severe
763,7c:b2:7d:87:83:e5,88:e9:fe:d4:1d:59,severe
764,7c:b2:7d:87:83:e5,98:10:e8:3b:48:e3,severe
765,0c:2f:b0:83:ee:82,e4:a7:a0:99:dc:ac,mild
766,0c:2f:b0:83:ee:82,88:66:a5:1f:0b:05,mild
767,0c:2f:b0:83:ee:82,8c:f5:a3:cd:d2:db,mild
768,0c:2f:b0:83:ee:82,b4:ef:39:c3:4a:2a,mild
769,0c:2f:b0:83:ee:82,98:10:e8:3a:c9:e4,mild
770,0c:2f:b0:83:ee:82,88:66:a5:17:7b:51,mild
771,0c:2f:b0:83:ee:82,a4:c3:f0:a1:fb:b7,mild
772,0c:2f:b0:83:ee:82,7c:b2:7d:87:d8:c7,mild
773,0c:2f:b0:83:ee:82,00:b5:d0:90:d4:7d,mild
774,0c:2f:b0:83:ee:82,9c:da:3e:7e:f8:01,mild
775,0c:2f:b0:83:ee:82,1c:5c:f2:e8:8b:33,mild
776,0c:2f:b0:83:ee:82,78:00:9e:93:6a:d0,mild
777,0c:2f:b0:83:ee:82,88:83:22:5d:24:66,moderate
778,e4:a7:a0:99:dc:ac,7c:b2:7d:87:57:da,mild
779,e4:a7:a0:99:dc:ac,a4:c3:f0:a1:fb:b7,mild
780,e4:a7:a0:99:dc:ac,7c:b2:7d:87:d8:c7,mild
781,e4:a7:a0:99:dc:ac,98:10:e8:3a:c9:e4,mild
782,e4:a7:a0:99:dc:ac,08:c8:f5:4e:d4:fa,mild
783,e4:a7:a0:99:dc:ac,1c:5c:f2:e8:8b:33,mild
784,e4:a7:a0:99:dc:ac,0c:2f:b0:83:ee:82,mild
785,e4:a7:a0:99:dc:ac,9c:da:3e:7e:f8:01,mild
786,e4:a7:a0:99:dc:ac,7c:b2:7d:87:83:e6,mild
787,e4:a7:a0:99:dc:ac,88:66:a5:1f:0b:05,moderate
788,e4:a7:a0:99:dc:ac,9c:da:3e:7f:a0:03,moderate
789,e4:a7:a0:99:dc:ac,00:b5:d0:90:d4:7d,moderate
790,e4:a7:a0:99:dc:ac,5c:5f:67:8b:e1:7f,moderate
791,e4:a7:a0:99:dc:ac,c1:a2:98:79:ba:c4,moderate
792,e4:a7:a0:99:dc:ac,88:66:a5:17:7b:51,moderate
793,e4:a7:a0:99:dc:ac,5c:5f:67:8b:e1:7e,moderate
794,e4:a7:a0:99:dc:ac,78:00:9e:93:6a:d0,moderate
795,e4:a7:a0:99:dc:ac,b4:ef:39:c3:4a:2a,moderate
796,e4:a7:a0:99:dc:ac,98:10:e8:3b:48:e3,moderate
797,e4:a7:a0:99:dc:ac,d8:1c:79:db:a0:f7,moderate
798,e4:a7:a0:99:dc:ac,cc:44:63:40:96:9d,severe
799,e4:a7:a0:99:dc:ac,8c:f5:a3:cd:d2:db,severe
800,e4:a7:a0:99:dc:ac,cc:44:63:3c:32:61,severe
801,e4:a7:a0:99:dc:ac,7c:b2:7d:87:83:e5,severe
802,e4:a7:a0:99:dc:ac,3c:bf:60:65:36:3c,severe
803,e4:a7:a0:99:dc:ac,88:e9:fe:d4:1d:59,severe
804,14:5f:94:1a:65:d1,98:84:e3:d8:80:60,severe
805,14:5f:94:1a:65:d1,cc:44:63:40:96:9d,severe
806,30:30:cc:92:2b:b6,00:ca:3f:34:77:f5,mild
807,30:30:cc:92:2b:b6,15:9e:e7:6b:51:97,mild
808,30:30:cc:92:2b:b6,90:6e:e1:0b:5c:cc,mild
809,30:30:cc:92:2b:b6,d8:1c:79:db:a0:f7,mild
810,30:30:cc:92:2b:b6,10:e8:89:d2:30:6d,mild
811,30:30:cc:92:2b:b6,59:85:b6:61:c5:2a,mild
812,30:30:cc:92:2b:b6,0d:81:24:f4:2c:79,mild
813,30:30:cc:92:2b:b6,35:93:57:30:4a:9b,mild
814,30:30:cc:92:2b:b6,5c:5f:67:8b:e1:7f,moderate
815,30:30:cc:92:2b:b6,5c:5f:67:8b:e1:7e,moderate
816,30:30:cc:92:2b:b6,98:c7:17:2d:6b:a0,moderate
817,30:30:cc:92:2b:b6,5c:74:20:7c:0e:a6,moderate
818,30:30:cc:92:2b:b6,98:10:e8:3b:48:e3,moderate
819,30:30:cc:92:2b:b6,7c:b2:7d:87:57:da,moderate
820,30:30:cc:92:2b:b6,a4:c3:f0:a5:f1:72,severe
821,30:30:cc:92:2b:b6,8c:f5:a3:cd:d2:db,severe
822,30:30:cc:92:2b:b6,89:a9:64:52:43:57,severe
823,30:30:cc:92:2b:b6,3d:3b:79:0d:90:d3,severe
824,3d:3b:79:0d:90:d3,00:ca:3f:34:77:f5,mild
825,3d:3b:79:0d:90:d3,15:9e:e7:6b:51:97,mild
826,3d:3b:79:0d:90:d3,90:6e:e1:0b:5c:cc,mild
827,3d:3b:79:0d:90:d3,d8:1c:79:db:a0:f7,mild
828,3d:3b:79:0d:90:d3,10:e8:89:d2:30:6d,mild
829,3d:3b:79:0d:90:d3,59:85:b6:61:c5:2a,mild
830,3d:3b:79:0d:90:d3,0d:81:24:f4:2c:79,mild
831,3d:3b:79:0d:90:d3,35:93:57:30:4a:9b,mild
832,3d:3b:79:0d:90:d3,5c:5f:67:8b:e1:7f,moderate
833,3d:3b:79:0d:90:d3,5c:5f:67:8b:e1:7e,moderate
834,3d:3b:79:0d:90:d3,98:c7:17:2d:6b:a0,moderate
835,3d:3b:79:0d:90:d3,5c:74:20:7c:0e:a6,moderate
836,3d:3b:79:0d:90:d3,98:10:e8:3b:48:e3,moderate
837,3d:3b:79:0d:90:d3,7c:b2:7d:87:57:da,moderate
838,3d:3b:79:0d:90:d3,a4:c3:f0:a5:f1:72,severe
839,3d:3b:79:0d:90:d3,8c:f5:a3:cd:d2:db,severe
840,3d:3b:79:0d:90:d3,89:a9:64:52:43:57,severe
841,3d:3b:79:0d:90:d3,30:30:cc:92:2b:b6,severe
842,28:16:ad:17:e3:33,f8:2d:7c:dc:dc:b8,mild
843,28:16:ad:17:e3:33,88:66:a5:1f:0b:05,mild
844,28:16:ad:17:e3:33,b4:ef:39:c3:4a:2a,mild
845,28:16:ad:17:e3:33,c0:9a:d0:e7:e7:da,mild
846,28:16:ad:17:e3:33,98:10:e8:07:e0:5b,mild
847,28:16:ad:17:e3:33,a4:c3:f0:a5:f1:09,mild
848,28:16:ad:17:e3:33,7c:b2:7d:85:d8:0b,moderate
849,28:16:ad:17:e3:33,28:16:ad:17:e3:32,moderate
850,28:16:ad:17:e3:33,e4:a7:a0:99:bc:27,moderate
851,28:16:ad:17:e3:33,88:66:a5:17:75:bc,moderate
852,28:16:ad:17:e3:33,b4:9c:df:44:0b:33,moderate
853,28:16:ad:17:e3:33,7c:b2:7d:86:54:d4,moderate
854,28:16:ad:17:e3:33,8c:f5:a3:cd:d2:db,moderate
855,28:16:ad:17:e3:33,04:69:f8:63:8b:cc,moderate
856,28:16:ad:17:e3:33,88:66:a5:3a:72:71,moderate
857,28:16:ad:17:e3:33,88:66:a5:1a:ba:53,moderate
858,90:6e:e1:0b:5c:cc,5c:5f:67:8b:e1:7f,mild
859,90:6e:e1:0b:5c:cc,5c:5f:67:8b:e1:7e,mild
860,90:6e:e1:0b:5c:cc,00:ca:3f:34:77:f5,mild
861,90:6e:e1:0b:5c:cc,8c:f5:a3:cd:d2:db,mild
862,90:6e:e1:0b:5c:cc,98:10:e8:3b:48:e3,mild
863,90:6e:e1:0b:5c:cc,15:9e:e7:6b:51:97,mild
864,90:6e:e1:0b:5c:cc,d8:1c:79:db:a0:f7,mild
865,90:6e:e1:0b:5c:cc,7c:b2:7d:87:57:da,mild
866,90:6e:e1:0b:5c:cc,10:e8:89:d2:30:6d,mild
867,90:6e:e1:0b:5c:cc,30:30:cc:92:2b:b6,mild
868,90:6e:e1:0b:5c:cc,89:a9:64:52:43:57,mild
869,90:6e:e1:0b:5c:cc,3d:3b:79:0d:90:d3,mild
870,90:6e:e1:0b:5c:cc,59:85:b6:61:c5:2a,mild
871,90:6e:e1:0b:5c:cc,5c:74:20:7c:0e:a6,mild
872,90:6e:e1:0b:5c:cc,98:c7:17:2d:6b:a0,mild
873,90:6e:e1:0b:5c:cc,a4:c3:f0:a5:f1:72,mild
874,90:6e:e1:0b:5c:cc,0d:81:24:f4:2c:79,mild
875,90:6e:e1:0b:5c:cc,35:93:57:30:4a:9b,mild
876,9c:da:3e:7f:a0:03,88:66:a5:1a:ba:53,mild
877,9c:da:3e:7f:a0:03,e4:0e:ee:e6:4e:96,mild
878,9c:da:3e:7f:a0:03,28:16:ad:17:e3:32,mild
879,9c:da:3e:7f:a0:03,40:83:de:80:80:cc,mild
880,9c:da:3e:7f:a0:03,98:10:e8:3a:c9:e4,moderate
881,9c:da:3e:7f:a0:03,7c:b2:7d:87:d8:c7,moderate
882,9c:da:3e:7f:a0:03,88:66:a5:3a:72:71,moderate
883,9c:da:3e:7f:a0:03,88:66:a5:1f:0b:05,moderate
884,9c:da:3e:7f:a0:03,1c:5c:f2:e8:8b:33,moderate
885,9c:da:3e:7f:a0:03,b4:ef:39:c3:4a:2a,moderate
886,9c:da:3e:7f:a0:03,78:00:9e:93:6a:d0,moderate
887,9c:da:3e:7f:a0:03,7c:b2:7d:87:57:da,moderate
888,9c:da:3e:7f:a0:03,7c:b2:7d:85:d8:0b,moderate
889,9c:da:3e:7f:a0:03,8c:f5:a3:cd:d2:db,moderate
890,9c:da:3e:7f:a0:03,6c:96:cf:ac:18:82,moderate
891,9c:da:3e:7f:a0:03,e4:a7:a0:99:dc:ac,moderate
892,9c:da:3e:7f:a0:03,98:10:e8:3b:48:e3,moderate
893,9c:da:3e:7f:a0:03,00:b5:d0:90:d4:7d,moderate
894,9c:da:3e:7f:a0:03,88:83:22:5d:24:66,moderate
895,9c:da:3e:7f:a0:03,9c:da:3e:7e:f8:01,moderate
896,9c:da:3e:7f:a0:03,88:66:a5:17:75:bc,moderate
897,9c:da:3e:7f:a0:03,04:b4:29:6c:99:31,moderate
898,9c:da:3e:7f:a0:03,a4:c3:f0:a1:fb:b7,moderate
899,9c:da:3e:7f:a0:03,5c:5f:67:8b:1b:9a,severe
900,9c:da:3e:7f:a0:03,9c:da:3e:7f:8e:65,severe
901,9c:da:3e:7f:a0:03,88:66:a5:e2:a1:60,severe
902,10:e8:89:d2:30:6d,5c:5f:67:8b:e1:7f,mild
903,10:e8:89:d2:30:6d,90:6e:e1:0b:5c:cc,mild
904,10:e8:89:d2:30:6d,d8:1c:79:db:a0:f7,mild
905,10:e8:89:d2:30:6d,7c:b2:7d:87:57:da,mild
906,10:e8:89:d2:30:6d,30:30:cc:92:2b:b6,mild
907,10:e8:89:d2:30:6d,89:a9:64:52:43:57,mild
908,10:e8:89:d2:30:6d,3d:3b:79:0d:90:d3,mild
909,10:e8:89:d2:30:6d,59:85:b6:61:c5:2a,mild
910,10:e8:89:d2:30:6d,5c:74:20:7c:0e:a6,mild
911,10:e8:89:d2:30:6d,98:c7:17:2d:6b:a0,mild
912,10:e8:89:d2:30:6d,00:ca:3f:34:77:f5,moderate
913,10:e8:89:d2:30:6d,15:9e:e7:6b:51:97,moderate
914,10:e8:89:d2:30:6d,a4:c3:f0:a5:f1:72,severe
915,10:e8:89:d2:30:6d,8c:f5:a3:cd:d2:db,severe
916,10:e8:89:d2:30:6d,5c:5f:67:8b:e1:7e,severe
917,10:e8:89:d2:30:6d,0d:81:24:f4:2c:79,severe
918,10:e8:89:d2:30:6d,35:93:57:30:4a:9b,severe
919,10:e8:89:d2:30:6d,98:10:e8:3b:48:e3,severe
920,78:00:9e:93:6a:d0,88:66:a5:1a:ba:53,mild
921,78:00:9e:93:6a:d0,7c:b2:7d:87:57:da,mild
922,78:00:9e:93:6a:d0,c1:a2:98:79:ba:c4,mild
923,78:00:9e:93:6a:d0,00:0b:82:d0:ff:35,mild
924,78:00:9e:93:6a:d0,cc:44:63:3c:32:61,mild
925,78:00:9e:93:6a:d0,5c:5f:67:8b:e1:7f,mild
926,78:00:9e:93:6a:d0,5c:5f:67:8b:e1:7e,mild
927,78:00:9e:93:6a:d0,3c:bf:60:65:36:3c,mild
928,78:00:9e:93:6a:d0,88:e9:fe:d4:1d:59,mild
929,78:00:9e:93:6a:d0,98:10:e8:3a:c9:e4,mild
930,78:00:9e:93:6a:d0,08:c8:f5:4e:d4:fa,mild
931,78:00:9e:93:6a:d0,0c:2f:b0:83:ee:82,mild
932,78:00:9e:93:6a:d0,b4:ef:39:c3:4a:2a,mild
933,78:00:9e:93:6a:d0,7c:b2:7d:87:83:e6,mild
934,78:00:9e:93:6a:d0,1c:5c:f2:e8:8b:33,moderate
935,78:00:9e:93:6a:d0,e4:0e:ee:e6:4e:96,moderate
936,78:00:9e:93:6a:d0,7c:b2:7d:85:d8:0b,moderate
937,78:00:9e:93:6a:d0,9c:da:3e:7f:a0:03,moderate
938,78:00:9e:93:6a:d0,88:66:a5:17:7b:51,moderate
939,78:00:9e:93:6a:d0,6c:96:cf:ac:18:82,moderate
940,78:00:9e:93:6a:d0,e4:a7:a0:99:dc:ac,moderate
941,78:00:9e:93:6a:d0,cc:44:63:40:96:9d,moderate
942,78:00:9e:93:6a:d0,00:b5:d0:90:d4:7d,moderate
943,78:00:9e:93:6a:d0,7c:b2:7d:87:83:e5,moderate
944,78:00:9e:93:6a:d0,10:8e:e0:b6:ca:da,moderate
945,78:00:9e:93:6a:d0,d8:1c:79:db:a0:f7,moderate
946,78:00:9e:93:6a:d0,88:66:a5:3a:72:71,severe
947,78:00:9e:93:6a:d0,90:61:ae:25:a1:e3,severe
948,78:00:9e:93:6a:d0,5c:5f:67:8b:1b:9a,severe
949,78:00:9e:93:6a:d0,88:66:a5:17:75:bc,severe
950,78:00:9e:93:6a:d0,a4:c3:f0:a1:fb:b7,severe
951,78:00:9e:93:6a:d0,8c:f5:a3:cd:d2:db,severe
952,78:00:9e:93:6a:d0,9c:da:3e:7f:8e:65,severe
953,78:00:9e:93:6a:d0,94:ee:9f:b1:e0:64,severe
954,78:00:9e:93:6a:d0,88:66:a5:1f:0b:05,severe
955,78:00:9e:93:6a:d0,9c:da:3e:7e:f8:01,severe
956,78:00:9e:93:6a:d0,88:83:22:5d:24:66,severe
957,78:00:9e:93:6a:d0,98:10:e8:3b:48:e3,severe
958,78:00:9e:93:6a:d0,7c:b2:7d:87:d8:c7,severe
959,78:00:9e:93:6a:d0,88:66:a5:e2:a1:60,severe
960,78:00:9e:93:6a:d0,08:d8:33:ef:e7:7b,severe
961,7c:b2:7d:85:d8:0b,c0:9a:d0:e7:e7:da,mild
962,7c:b2:7d:85:d8:0b,88:66:a5:17:7b:51,mild
963,7c:b2:7d:85:d8:0b,90:61:ae:25:a1:e3,mild
964,7c:b2:7d:85:d8:0b,f8:2d:7c:dc:dc:b8,mild
965,7c:b2:7d:85:d8:0b,5c:5f:67:8b:e1:7e,moderate
966,7c:b2:7d:85:d8:0b,7c:b2:7d:87:d8:c7,moderate
967,7c:b2:7d:85:d8:0b,9c:da:3e:7f:8e:65,moderate
968,7c:b2:7d:85:d8:0b,88:66:a5:1f:0b:05,moderate
969,7c:b2:7d:85:d8:0b,1c:5c:f2:e8:8b:33,moderate
970,7c:b2:7d:85:d8:0b,b4:ef:39:c3:4a:2a,moderate
971,7c:b2:7d:85:d8:0b,78:00:9e:93:6a:d0,moderate
972,7c:b2:7d:85:d8:0b,9c:da:3e:7f:a0:03,moderate
973,7c:b2:7d:85:d8:0b,08:d8:33:ef:e7:7b,moderate
974,7c:b2:7d:85:d8:0b,28:16:ad:17:e3:33,moderate
975,7c:b2:7d:85:d8:0b,6c:96:cf:ac:18:82,moderate
976,7c:b2:7d:85:d8:0b,98:10:e8:07:e0:5b,moderate
977,7c:b2:7d:85:d8:0b,5c:5f:67:8b:1b:9a,moderate
978,7c:b2:7d:85:d8:0b,a4:c3:f0:a5:f1:72,moderate
979,7c:b2:7d:85:d8:0b,cc:44:63:3c:32:61,moderate
980,7c:b2:7d:85:d8:0b,88:83:22:5d:24:66,moderate
981,7c:b2:7d:85:d8:0b,9c:da:3e:7e:f8:01,moderate
982,7c:b2:7d:85:d8:0b,88:66:a5:e2:a1:60,moderate
983,7c:b2:7d:85:d8:0b,a4:c3:f0:a1:fb:b7,moderate
984,7c:b2:7d:85:d8:0b,88:66:a5:3a:72:71,severe
985,7c:b2:7d:85:d8:0b,28:16:ad:17:e3:32,severe
986,7c:b2:7d:85:d8:0b,88:66:a5:17:75:bc,severe
987,7c:b2:7d:85:d8:0b,7c:b2:7d:86:54:d4,severe
988,7c:b2:7d:85:d8:0b,04:69:f8:63:8b:cc,severe
989,7c:b2:7d:85:d8:0b,8c:f5:a3:cd:d2:db,severe
990,7c:b2:7d:85:d8:0b,e4:a7:a0:99:bc:27,severe
991,7c:b2:7d:85:d8:0b,a4:c3:f0:a5:f1:09,severe
992,7c:b2:7d:85:d8:0b,b4:9c:df:44:0b:33,severe
993,7c:b2:7d:85:d8:0b,98:10:e8:3b:48:e3,severe
994,7c:b2:7d:85:d8:0b,88:66:a5:1a:ba:53,severe
995,c0:9a:d0:e7:e7:da,28:16:ad:17:e3:32,mild
996,c0:9a:d0:e7:e7:da,88:66:a5:1a:ba:53,mild
997,c0:9a:d0:e7:e7:da,7c:b2:7d:86:54:d4,mild
998,c0:9a:d0:e7:e7:da,f8:2d:7c:dc:dc:b8,mild
999,c0:9a:d0:e7:e7:da,8c:f5:a3:cd:d2:db,mild
1000,c0:9a:d0:e7:e7:da,88:66:a5:1f:0b:05,mild
1001,c0:9a:d0:e7:e7:da,b4:ef:39:c3:4a:2a,mild
1002,c0:9a:d0:e7:e7:da,a4:c3:f0:a5:f1:09,mild
1003,c0:9a:d0:e7:e7:da,98:10:e8:07:e0:5b,mild
1004,c0:9a:d0:e7:e7:da,e4:a7:a0:99:bc:27,mild
1005,c0:9a:d0:e7:e7:da,28:16:ad:17:e3:33,mild
1006,c0:9a:d0:e7:e7:da,b4:9c:df:44:0b:33,mild
1007,c0:9a:d0:e7:e7:da,04:69:f8:63:8b:cc,mild
1008,c0:9a:d0:e7:e7:da,88:66:a5:17:75:bc,mild
1009,c0:9a:d0:e7:e7:da,88:66:a5:3a:72:71,mild
1010,c0:9a:d0:e7:e7:da,7c:b2:7d:85:d8:0b,mild
1011,00:0b:82:d0:ff:35,88:66:a5:1a:ba:53,mild
1012,00:0b:82:d0:ff:35,98:10:e8:3b:48:e3,mild
1013,00:0b:82:d0:ff:35,98:10:e8:3a:c9:e4,mild
1014,00:0b:82:d0:ff:35,d8:1c:79:db:a0:f7,mild
1015,00:0b:82:d0:ff:35,7c:b2:7d:87:d8:c7,mild
1016,00:0b:82:d0:ff:35,7c:b2:7d:87:57:da,mild
1017,00:0b:82:d0:ff:35,94:ee:9f:b1:e0:64,mild
1018,00:0b:82:d0:ff:35,88:66:a5:17:75:bc,mild
1019,00:0b:82:d0:ff:35,08:d8:33:ef:e7:7b,mild
1020,00:0b:82:d0:ff:35,78:00:9e:93:6a:d0,mild
1021,00:0b:82:d0:ff:35,90:61:ae:25:a1:e3,mild
1022,00:0b:82:d0:ff:35,88:83:22:5d:24:66,mild
1023,00:0b:82:d0:ff:35,00:b5:d0:90:d4:7d,moderate
1024,00:0b:82:d0:ff:35,8c:f5:a3:cd:d2:db,moderate
1025,7c:b2:7d:87:d8:c7,88:66:a5:1a:ba:53,mild
1026,7c:b2:7d:87:d8:c7,e4:a7:a0:99:bc:27,mild
1027,7c:b2:7d:87:d8:c7,7c:b2:7d:87:57:da,mild
1028,7c:b2:7d:87:d8:c7,98:10:e8:07:e0:5b,mild
1029,7c:b2:7d:87:d8:c7,00:0b:82:d0:ff:35,mild
1030,7c:b2:7d:87:d8:c7,88:66:a5:17:7b:51,mild
1031,7c:b2:7d:87:d8:c7,98:10:e8:3a:c9:e4,mild
1032,7c:b2:7d:87:d8:c7,00:b5:d0:90:d4:7d,mild
1033,7c:b2:7d:87:d8:c7,04:69:f8:63:8b:cc,mild
1034,7c:b2:7d:87:d8:c7,0c:2f:b0:83:ee:82,mild
1035,7c:b2:7d:87:d8:c7,e4:a7:a0:99:dc:ac,mild
1036,7c:b2:7d:87:d8:c7,b4:ef:39:c3:4a:2a,mild
1037,7c:b2:7d:87:d8:c7,1c:5c:f2:e8:8b:33,moderate
1038,7c:b2:7d:87:d8:c7,7c:b2:7d:85:d8:0b,moderate
1039,7c:b2:7d:87:d8:c7,9c:da:3e:7f:a0:03,moderate
1040,7c:b2:7d:87:d8:c7,6c:96:cf:ac:18:82,moderate
1041,7c:b2:7d:87:d8:c7,a4:c3:f0:a5:f1:09,moderate
1042,7c:b2:7d:87:d8:c7,88:66:a5:17:75:bc,moderate
1043,7c:b2:7d:87:d8:c7,7c:b2:7d:86:54:d4,moderate
1044,7c:b2:7d:87:d8:c7,d8:1c:79:db:a0:f7,moderate
1045,7c:b2:7d:87:d8:c7,88:66:a5:3a:72:71,severe
1046,7c:b2:7d:87:d8:c7,90:61:ae:25:a1:e3,severe
1047,7c:b2:7d:87:d8:c7,a4:c3:f0:a1:fb:b7,severe
1048,7c:b2:7d:87:d8:c7,8c:f5:a3:cd:d2:db,severe
1049,7c:b2:7d:87:d8:c7,9c:da:3e:7f:8e:65,severe
1050,7c:b2:7d:87:d8:c7,94:ee:9f:b1:e0:64,severe
1051,7c:b2:7d:87:d8:c7,88:66:a5:1f:0b:05,severe
1052,7c:b2:7d:87:d8:c7,98:10:e8:3b:48:e3,severe
1053,7c:b2:7d:87:d8:c7,9c:da:3e:7e:f8:01,severe
1054,7c:b2:7d:87:d8:c7,88:83:22:5d:24:66,severe
1055,7c:b2:7d:87:d8:c7,78:00:9e:93:6a:d0,severe
1056,7c:b2:7d:87:d8:c7,5c:5f:67:8b:1b:9a,severe
1057,7c:b2:7d:87:d8:c7,88:66:a5:e2:a1:60,severe
1058,7c:b2:7d:87:d8:c7,08:d8:33:ef:e7:7b,severe
1059,cc:44:63:3c:32:61,d8:1c:79:db:a0:f7,mild
1060,cc:44:63:3c:32:61,7c:b2:7d:87:57:da,mild
1061,cc:44:63:3c:32:61,78:00:9e:93:6a:d0,mild
1062,cc:44:63:3c:32:61,5c:5f:67:8b:e1:7f,mild
1063,cc:44:63:3c:32:61,08:c8:f5:4e:d4:fa,mild
1064,cc:44:63:3c:32:61,90:61:ae:25:a1:e3,mild
1065,cc:44:63:3c:32:61,7c:b2:7d:87:83:e6,mild
1066,cc:44:63:3c:32:61,7c:b2:7d:85:d8:0b,moderate
1067,cc:44:63:3c:32:61,7c:b2:7d:87:83:e5,moderate
1068,cc:44:63:3c:32:61,c1:a2:98:79:ba:c4,moderate
1069,cc:44:63:3c:32:61,88:83:22:5d:24:66,moderate
1070,cc:44:63:3c:32:61,88:66:a5:17:7b:51,moderate
1071,cc:44:63:3c:32:61,88:66:a5:17:75:bc,moderate
1072,cc:44:63:3c:32:61,5c:5f:67:8b:e1:7e,moderate
1073,cc:44:63:3c:32:61,3c:bf:60:65:36:3c,moderate
1074,cc:44:63:3c:32:61,88:e9:fe:d4:1d:59,moderate
1075,cc:44:63:3c:32:61,a4:c3:f0:a5:f1:09,moderate
1076,cc:44:63:3c:32:61,cc:44:63:40:96:9d,moderate
1077,cc:44:63:3c:32:61,88:66:a5:1a:ba:53,moderate
1078,cc:44:63:3c:32:61,b4:ef:39:c3:4a:2a,moderate
1079,cc:44:63:3c:32:61,98:10:e8:3b:48:e3,moderate
1080,cc:44:63:3c:32:61,e4:a7:a0:99:dc:ac,severe
1081,cc:44:63:3c:32:61,8c:f5:a3:cd:d2:db,severe
1082,f4:a1:7c:eb:49:8e,5c:5f:67:8b:e1:7e,moderate
1083,f4:a1:7c:eb:49:8e,8c:f5:a3:cd:d2:db,moderate
1084,f4:a1:7c:eb:49:8e,41:e6:14:17:de:f2,moderate
1085,f4:a1:7c:eb:49:8e,b4:ef:39:c3:4a:2a,moderate
1086,f4:a1:7c:eb:49:8e,dd:17:92:72:9c:51,moderate
1087,5c:5f:67:8b:e1:7e,90:6e:e1:0b:5c:cc,mild
1088,5c:5f:67:8b:e1:7e,d8:1c:79:db:a0:f7,mild
1089,5c:5f:67:8b:e1:7e,78:00:9e:93:6a:d0,mild
1090,5c:5f:67:8b:e1:7e,c1:a2:98:79:ba:c4,mild
1091,5c:5f:67:8b:e1:7e,30:ff:72:9f:a3:f2,mild
1092,5c:5f:67:8b:e1:7e,81:7a:e5:de:fb:b2,mild
1093,5c:5f:67:8b:e1:7e,88:66:a5:17:7b:51,mild
1094,5c:5f:67:8b:e1:7e,3c:bf:60:65:36:3c,mild
1095,5c:5f:67:8b:e1:7e,08:c8:f5:4e:d4:fa,mild
1096,5c:5f:67:8b:e1:7e,59:85:b6:61:c5:2a,mild
1097,5c:5f:67:8b:e1:7e,7c:b2:7d:87:83:e6,mild
1098,5c:5f:67:8b:e1:7e,00:ca:3f:34:77:f5,moderate
1099,5c:5f:67:8b:e1:7e,f4:a1:7c:eb:49:8e,moderate
1100,5c:5f:67:8b:e1:7e,15:9e:e7:6b:51:97,moderate
1101,5c:5f:67:8b:e1:7e,7c:b2:7d:87:57:da,moderate
1102,5c:5f:67:8b:e1:7e,7c:b2:7d:85:d8:0b,moderate
1103,5c:5f:67:8b:e1:7e,08:d8:33:ef:e7:7b,moderate
1104,5c:5f:67:8b:e1:7e,3d:3b:79:0d:90:d3,moderate
1105,5c:5f:67:8b:e1:7e,88:e9:fe:d4:1d:59,moderate
1106,5c:5f:67:8b:e1:7e,e4:a7:a0:99:dc:ac,moderate
1107,5c:5f:67:8b:e1:7e,89:a9:64:52:43:57,moderate
1108,5c:5f:67:8b:e1:7e,cc:44:63:40:96:9d,moderate
1109,5c:5f:67:8b:e1:7e,30:30:cc:92:2b:b6,moderate
1110,5c:5f:67:8b:e1:7e,cc:44:63:3c:32:61,moderate
1111,5c:5f:67:8b:e1:7e,7c:b2:7d:87:83:e5,moderate
1112,5c:5f:67:8b:e1:7e,5c:74:20:7c:0e:a6,moderate
1113,5c:5f:67:8b:e1:7e,41:e6:14:17:de:f2,severe
1114,5c:5f:67:8b:e1:7e,98:c7:17:2d:6b:a0,severe
1115,5c:5f:67:8b:e1:7e,a4:c3:f0:a5:f1:72,severe
1116,5c:5f:67:8b:e1:7e,8c:f5:a3:cd:d2:db,severe
1117,5c:5f:67:8b:e1:7e,5c:5f:67:8b:e1:7f,severe
1118,5c:5f:67:8b:e1:7e,0d:81:24:f4:2c:79,severe
1119,5c:5f:67:8b:e1:7e,10:e8:89:d2:30:6d,severe
1120,5c:5f:67:8b:e1:7e,35:93:57:30:4a:9b,severe
1121,5c:5f:67:8b:e1:7e,dd:17:92:72:9c:51,severe
1122,5c:5f:67:8b:e1:7e,98:10:e8:3b:48:e3,severe
1123,5c:5f:67:8b:e1:7e,b4:ef:39:c3:4a:2a,severe
1124,00:b5:d0:90:d4:7d,88:66:a5:1a:ba:53,mild
1125,00:b5:d0:90:d4:7d,d8:1c:79:db:a0:f7,mild
1126,00:b5:d0:90:d4:7d,7c:b2:7d:87:d8:c7,mild
1127,00:b5:d0:90:d4:7d,88:66:a5:17:7b:51,mild
1128,00:b5:d0:90:d4:7d,98:10:e8:3b:48:e3,mild
1129,00:b5:d0:90:d4:7d,40:83:de:80:80:cc,mild
1130,00:b5:d0:90:d4:7d,90:61:ae:25:a1:e3,mild
1131,00:b5:d0:90:d4:7d,88:83:22:5d:24:66,mild
1132,00:b5:d0:90:d4:7d,0c:2f:b0:83:ee:82,mild
1133,00:b5:d0:90:d4:7d,98:10:e8:3a:c9:e4,moderate
1134,00:b5:d0:90:d4:7d,88:66:a5:3a:72:71,moderate
1135,00:b5:d0:90:d4:7d,88:66:a5:1f:0b:05,moderate
1136,00:b5:d0:90:d4:7d,1c:5c:f2:e8:8b:33,moderate
1137,00:b5:d0:90:d4:7d,b4:ef:39:c3:4a:2a,moderate
1138,00:b5:d0:90:d4:7d,e4:0e:ee:e6:4e:96,moderate
1139,00:b5:d0:90:d4:7d,7c:b2:7d:87:57:da,moderate
1140,00:b5:d0:90:d4:7d,78:00:9e:93:6a:d0,moderate
1141,00:b5:d0:90:d4:7d,9c:da:3e:7f:a0:03,moderate
1142,00:b5:d0:90:d4:7d,00:0b:82:d0:ff:35,moderate
1143,00:b5:d0:90:d4:7d,08:d8:33:ef:e7:7b,moderate
1144,00:b5:d0:90:d4:7d,e4:a7:a0:99:dc:ac,moderate
1145,00:b5:d0:90:d4:7d,94:ee:9f:b1:e0:64,moderate
1146,00:b5:d0:90:d4:7d,10:8e:e0:b6:ca:da,moderate
1147,00:b5:d0:90:d4:7d,9c:da:3e:7e:f8:01,moderate
1148,00:b5:d0:90:d4:7d,88:66:a5:17:75:bc,moderate
1149,00:b5:d0:90:d4:7d,88:66:a5:e2:a1:60,moderate
1150,00:b5:d0:90:d4:7d,04:b4:29:6c:99:31,moderate
1151,00:b5:d0:90:d4:7d,a4:c3:f0:a1:fb:b7,moderate
1152,00:b5:d0:90:d4:7d,8c:f5:a3:cd:d2:db,severe
1153,59:85:b6:61:c5:2a,5c:5f:67:8b:e1:7f,mild
1154,59:85:b6:61:c5:2a,5c:5f:67:8b:e1:7e,mild
1155,59:85:b6:61:c5:2a,00:ca:3f:34:77:f5,mild
1156,59:85:b6:61:c5:2a,8c:f5:a3:cd:d2:db,mild
1157,59:85:b6:61:c5:2a,98:10:e8:3b:48:e3,mild
1158,59:85:b6:61:c5:2a,15:9e:e7:6b:51:97,mild
1159,59:85:b6:61:c5:2a,90:6e:e1:0b:5c:cc,mild
1160,59:85:b6:61:c5:2a,d8:1c:79:db:a0:f7,mild
1161,59:85:b6:61:c5:2a,7c:b2:7d:87:57:da,mild
1162,59:85:b6:61:c5:2a,10:e8:89:d2:30:6d,mild
1163,59:85:b6:61:c5:2a,30:30:cc:92:2b:b6,mild
1164,59:85:b6:61:c5:2a,89:a9:64:52:43:57,mild
1165,59:85:b6:61:c5:2a,3d:3b:79:0d:90:d3,mild
1166,59:85:b6:61:c5:2a,5c:74:20:7c:0e:a6,mild
1167,59:85:b6:61:c5:2a,98:c7:17:2d:6b:a0,mild
1168,59:85:b6:61:c5:2a,a4:c3:f0:a5:f1:72,mild
1169,59:85:b6:61:c5:2a,0d:81:24:f4:2c:79,mild
1170,59:85:b6:61:c5:2a,35:93:57:30:4a:9b,mild
1171,b4:9c:df:44:0b:33,88:66:a5:1f:0b:05,mild
1172,b4:9c:df:44:0b:33,b4:ef:39:c3:4a:2a,mild
1173,b4:9c:df:44:0b:33,c0:9a:d0:e7:e7:da,mild
1174,b4:9c:df:44:0b:33,98:10:e8:07:e0:5b,mild
1175,b4:9c:df:44:0b:33,a4:c3:f0:a5:f1:09,mild
1176,b4:9c:df:44:0b:33,88:66:a5:17:75:bc,moderate
1177,b4:9c:df:44:0b:33,28:16:ad:17:e3:33,moderate
1178,b4:9c:df:44:0b:33,8c:f5:a3:cd:d2:db,moderate
1179,b4:9c:df:44:0b:33,88:66:a5:1a:ba:53,moderate
1180,b4:9c:df:44:0b:33,f8:2d:7c:dc:dc:b8,moderate
1181,b4:9c:df:44:0b:33,88:66:a5:3a:72:71,severe
1182,b4:9c:df:44:0b:33,28:16:ad:17:e3:32,severe
1183,b4:9c:df:44:0b:33,04:69:f8:63:8b:cc,severe
1184,b4:9c:df:44:0b:33,7c:b2:7d:86:54:d4,severe
1185,b4:9c:df:44:0b:33,e4:a7:a0:99:bc:27,severe
1186,b4:9c:df:44:0b:33,7c:b2:7d:85:d8:0b,severe
1187,0d:81:24:f4:2c:79,5c:5f:67:8b:e1:7f,mild
1188,0d:81:24:f4:2c:79,90:6e:e1:0b:5c:cc,mild
1189,0d:81:24:f4:2c:79,d8:1c:79:db:a0:f7,mild
1190,0d:81:24:f4:2c:79,7c:b2:7d:87:57:da,mild
1191,0d:81:24:f4:2c:79,30:30:cc:92:2b:b6,mild
1192,0d:81:24:f4:2c:79,89:a9:64:52:43:57,mild
1193,0d:81:24:f4:2c:79,3d:3b:79:0d:90:d3,mild
1194,0d:81:24:f4:2c:79,59:85:b6:61:c5:2a,mild
1195,0d:81:24:f4:2c:79,5c:74:20:7c:0e:a6,mild
1196,0d:81:24:f4:2c:79,98:c7:17:2d:6b:a0,mild
1197,0d:81:24:f4:2c:79,00:ca:3f:34:77:f5,moderate
1198,0d:81:24:f4:2c:79,15:9e:e7:6b:51:97,moderate
1199,0d:81:24:f4:2c:79,a4:c3:f0:a5:f1:72,severe
1200,0d:81:24:f4:2c:79,8c:f5:a3:cd:d2:db,severe
1201,0d:81:24:f4:2c:79,5c:5f:67:8b:e1:7e,severe
1202,0d:81:24:f4:2c:79,10:e8:89:d2:30:6d,severe
1203,0d:81:24:f4:2c:79,35:93:57:30:4a:9b,severe
1204,0d:81:24:f4:2c:79,98:10:e8:3b:48:e3,severe
1205,7c:b2:7d:86:54:d4,b4:ef:39:c3:4a:2a,mild
1206,7c:b2:7d:86:54:d4,c0:9a:d0:e7:e7:da,mild
1207,7c:b2:7d:86:54:d4,98:10:e8:07:e0:5b,mild
1208,7c:b2:7d:86:54:d4,88:66:a5:17:7b:51,mild
1209,7c:b2:7d:86:54:d4,28:16:ad:17:e3:33,moderate
1210,7c:b2:7d:86:54:d4,a4:c3:f0:a5:f1:09,moderate
1211,7c:b2:7d:86:54:d4,7c:b2:7d:87:d8:c7,moderate
1212,7c:b2:7d:86:54:d4,88:66:a5:3a:72:71,severe
1213,7c:b2:7d:86:54:d4,28:16:ad:17:e3:32,severe
1214,7c:b2:7d:86:54:d4,88:66:a5:17:75:bc,severe
1215,7c:b2:7d:86:54:d4,04:69:f8:63:8b:cc,severe
1216,7c:b2:7d:86:54:d4,b4:9c:df:44:0b:33,severe
1217,7c:b2:7d:86:54:d4,8c:f5:a3:cd:d2:db,severe
1218,7c:b2:7d:86:54:d4,e4:a7:a0:99:bc:27,severe
1219,7c:b2:7d:86:54:d4,88:66:a5:1f:0b:05,severe
1220,7c:b2:7d:86:54:d4,7c:b2:7d:85:d8:0b,severe
1221,7c:b2:7d:86:54:d4,f8:2d:7c:dc:dc:b8,severe
1222,7c:b2:7d:86:54:d4,88:66:a5:1a:ba:53,severe
1223,cc:44:63:40:96:9d,c1:a2:98:79:ba:c4,mild
1224,cc:44:63:40:96:9d,5c:5f:67:8b:e1:7f,mild
1225,cc:44:63:40:96:9d,08:c8:f5:4e:d4:fa,mild
1226,cc:44:63:40:96:9d,b4:ef:39:c3:4a:2a,mild
1227,cc:44:63:40:96:9d,cc:44:63:3c:32:61,moderate
1228,cc:44:63:40:96:9d,88:66:a5:17:7b:51,moderate
1229,cc:44:63:40:96:9d,5c:5f:67:8b:e1:7e,moderate
1230,cc:44:63:40:96:9d,d8:1c:79:db:a0:f7,moderate
1231,cc:44:63:40:96:9d,7c:b2:7d:87:83:e6,moderate
1232,cc:44:63:40:96:9d,78:00:9e:93:6a:d0,moderate
1233,cc:44:63:40:96:9d,7c:b2:7d:87:57:da,severe
1234,cc:44:63:40:96:9d,8c:f5:a3:cd:d2:db,severe
1235,cc:44:63:40:96:9d,98:84:e3:d8:80:60,severe
1236,cc:44:63:40:96:9d,e4:a7:a0:99:dc:ac,severe
1237,cc:44:63:40:96:9d,7c:b2:7d:87:83:e5,severe
1238,cc:44:63:40:96:9d,3c:bf:60:65:36:3c,severe
1239,cc:44:63:40:96:9d,88:e9:fe:d4:1d:59,severe
1240,cc:44:63:40:96:9d,14:5f:94:1a:65:d1,severe
1241,cc:44:63:40:96:9d,98:10:e8:3b:48:e3,severe
1242,89:a9:64:52:43:57,00:ca:3f:34:77:f5,mild
1243,89:a9:64:52:43:57,15:9e:e7:6b:51:97,mild
1244,89:a9:64:52:43:57,90:6e:e1:0b:5c:cc,mild
1245,89:a9:64:52:43:57,d8:1c:79:db:a0:f7,mild
1246,89:a9:64:52:43:57,10:e8:89:d2:30:6d,mild
1247,89:a9:64:52:43:57,59:85:b6:61:c5:2a,mild
1248,89:a9:64:52:43:57,0d:81:24:f4:2c:79,mild
1249,89:a9:64:52:43:57,35:93:57:30:4a:9b,mild
1250,89:a9:64:52:43:57,5c:5f:67:8b:e1:7f,moderate
1251,89:a9:64:52:43:57,5c:5f:67:8b:e1:7e,moderate
1252,89:a9:64:52:43:57,98:c7:17:2d:6b:a0,moderate
1253,89:a9:64:52:43:57,5c:74:20:7c:0e:a6,moderate
1254,89:a9:64:52:43:57,98:10:e8:3b:48:e3,moderate
1255,89:a9:64:52:43:57,7c:b2:7d:87:57:da,moderate
1256,89:a9:64:52:43:57,3d:3b:79:0d:90:d3,severe
1257,89:a9:64:52:43:57,8c:f5:a3:cd:d2:db,severe
1258,89:a9:64:52:43:57,a4:c3:f0:a5:f1:72,severe
1259,89:a9:64:52:43:57,30:30:cc:92:2b:b6,severe
1260,1c:5c:f2:e8:8b:33,e4:0e:ee:e6:4e:96,mild
1261,1c:5c:f2:e8:8b:33,88:66:a5:17:7b:51,mild
1262,1c:5c:f2:e8:8b:33,0c:2f:b0:83:ee:82,mild
1263,1c:5c:f2:e8:8b:33,e4:a7:a0:99:dc:ac,mild
1264,1c:5c:f2:e8:8b:33,08:d8:33:ef:e7:7b,mild
1265,1c:5c:f2:e8:8b:33,98:10:e8:3a:c9:e4,moderate
1266,1c:5c:f2:e8:8b:33,7c:b2:7d:87:d8:c7,moderate
1267,1c:5c:f2:e8:8b:33,9c:da:3e:7f:8e:65,moderate
1268,1c:5c:f2:e8:8b:33,88:66:a5:1f:0b:05,moderate
1269,1c:5c:f2:e8:8b:33,b4:ef:39:c3:4a:2a,moderate
1270,1c:5c:f2:e8:8b:33,78:00:9e:93:6a:d0,moderate
1271,1c:5c:f2:e8:8b:33,7c:b2:7d:87:57:da,moderate
1272,1c:5c:f2:e8:8b:33,9c:da:3e:7f:a0:03,moderate
1273,1c:5c:f2:e8:8b:33,7c:b2:7d:85:d8:0b,moderate
1274,1c:5c:f2:e8:8b:33,40:83:de:80:80:cc,moderate
1275,1c:5c:f2:e8:8b:33,6c:96:cf:ac:18:82,moderate
1276,1c:5c:f2:e8:8b:33,5c:5f:67:8b:1b:9a,moderate
1277,1c:5c:f2:e8:8b:33,98:10:e8:3b:48:e3,moderate
1278,1c:5c:f2:e8:8b:33,00:b5:d0:90:d4:7d,moderate
1279,1c:5c:f2:e8:8b:33,88:83:22:5d:24:66,moderate
1280,1c:5c:f2:e8:8b:33,9c:da:3e:7e:f8:01,moderate
1281,1c:5c:f2:e8:8b:33,88:66:a5:17:75:bc,moderate
1282,1c:5c:f2:e8:8b:33,88:66:a5:e2:a1:60,moderate
1283,1c:5c:f2:e8:8b:33,04:b4:29:6c:99:31,moderate
1284,1c:5c:f2:e8:8b:33,a4:c3:f0:a1:fb:b7,moderate
1285,1c:5c:f2:e8:8b:33,88:66:a5:3a:72:71,severe
1286,1c:5c:f2:e8:8b:33,8c:f5:a3:cd:d2:db,severe
1287,7c:b2:7d:87:83:e6,e4:a7:a0:99:dc:ac,mild
1288,7c:b2:7d:87:83:e6,5c:5f:67:8b:e1:7f,mild
1289,7c:b2:7d:87:83:e6,5c:5f:67:8b:e1:7e,mild
1290,7c:b2:7d:87:83:e6,88:e9:fe:d4:1d:59,mild
1291,7c:b2:7d:87:83:e6,b4:ef:39:c3:4a:2a,mild
1292,7c:b2:7d:87:83:e6,c1:a2:98:79:ba:c4,mild
1293,7c:b2:7d:87:83:e6,88:66:a5:17:7b:51,mild
1294,7c:b2:7d:87:83:e6,08:c8:f5:4e:d4:fa,mild
1295,7c:b2:7d:87:83:e6,cc:44:63:3c:32:61,mild
1296,7c:b2:7d:87:83:e6,78:00:9e:93:6a:d0,mild
1297,7c:b2:7d:87:83:e6,7c:b2:7d:87:83:e5,moderate
1298,7c:b2:7d:87:83:e6,8c:f5:a3:cd:d2:db,moderate
1299,7c:b2:7d:87:83:e6,3c:bf:60:65:36:3c,moderate
1300,7c:b2:7d:87:83:e6,cc:44:63:40:96:9d,moderate
1301,7c:b2:7d:87:83:e6,d8:1c:79:db:a0:f7,moderate
1302,7c:b2:7d:87:83:e6,98:10:e8:3b:48:e3,moderate
1303,7c:b2:7d:87:83:e6,7c:b2:7d:87:57:da,moderate
1304,84:56:45:a2:14:ba,8c:f5:a3:cd:d2:db,mild
1305,f8:2d:7c:dc:dc:b8,88:66:a5:1f:0b:05,mild
1306,f8:2d:7c:dc:dc:b8,a4:c3:f0:a5:f1:09,mild
1307,f8:2d:7c:dc:dc:b8,b4:ef:39:c3:4a:2a,mild
1308,f8:2d:7c:dc:dc:b8,c0:9a:d0:e7:e7:da,mild
1309,f8:2d:7c:dc:dc:b8,98:10:e8:07:e0:5b,mild
1310,f8:2d:7c:dc:dc:b8,28:16:ad:17:e3:33,mild
1311,f8:2d:7c:dc:dc:b8,7c:b2:7d:85:d8:0b,mild
1312,f8:2d:7c:dc:dc:b8,88:66:a5:17:75:bc,moderate
1313,f8:2d:7c:dc:dc:b8,b4:9c:df:44:0b:33,moderate
1314,f8:2d:7c:dc:dc:b8,88:66:a5:3a:72:71,severe
1315,f8:2d:7c:dc:dc:b8,28:16:ad:17:e3:32,severe
1316,f8:2d:7c:dc:dc:b8,04:69:f8:63:8b:cc,severe
1317,f8:2d:7c:dc:dc:b8,7c:b2:7d:86:54:d4,severe
1318,f8:2d:7c:dc:dc:b8,8c:f5:a3:cd:d2:db,severe
1319,f8:2d:7c:dc:dc:b8,e4:a7:a0:99:bc:27,severe
1320,f8:2d:7c:dc:dc:b8,88:66:a5:1a:ba:53,severe
1321,5c:5f:67:8b:1b:9a,b4:ef:39:c3:4a:2a,mild
1322,5c:5f:67:8b:1b:9a,88:66:a5:17:75:bc,mild
1323,5c:5f:67:8b:1b:9a,7c:b2:7d:85:d8:0b,moderate
1324,5c:5f:67:8b:1b:9a,28:16:ad:17:e3:32,moderate
1325,5c:5f:67:8b:1b:9a,6c:96:cf:ac:18:82,moderate
1326,5c:5f:67:8b:1b:9a,1c:5c:f2:e8:8b:33,moderate
1327,5c:5f:67:8b:1b:9a,88:66:a5:3a:72:71,severe
1328,5c:5f:67:8b:1b:9a,a4:c3:f0:a1:fb:b7,severe
1329,5c:5f:67:8b:1b:9a,8c:f5:a3:cd:d2:db,severe
1330,5c:5f:67:8b:1b:9a,9c:da:3e:7f:8e:65,severe
1331,5c:5f:67:8b:1b:9a,9c:da:3e:7f:a0:03,severe
1332,5c:5f:67:8b:1b:9a,88:66:a5:1f:0b:05,severe
1333,5c:5f:67:8b:1b:9a,9c:da:3e:7e:f8:01,severe
1334,5c:5f:67:8b:1b:9a,88:83:22:5d:24:66,severe
1335,5c:5f:67:8b:1b:9a,78:00:9e:93:6a:d0,severe
1336,5c:5f:67:8b:1b:9a,98:10:e8:3b:48:e3,severe
1337,5c:5f:67:8b:1b:9a,7c:b2:7d:87:d8:c7,severe
1338,5c:5f:67:8b:1b:9a,88:66:a5:e2:a1:60,severe
1339,e4:0e:ee:e6:4e:96,9c:da:3e:7f:a0:03,mild
1340,e4:0e:ee:e6:4e:96,7c:b2:7d:87:57:da,mild
1341,e4:0e:ee:e6:4e:96,a4:c3:f0:a1:fb:b7,mild
1342,e4:0e:ee:e6:4e:96,88:66:a5:e2:a1:60,mild
1343,e4:0e:ee:e6:4e:96,04:b4:29:6c:99:31,mild
1344,e4:0e:ee:e6:4e:96,98:10:e8:3b:48:e3,mild
1345,e4:0e:ee:e6:4e:96,98:10:e8:3a:c9:e4,mild
1346,e4:0e:ee:e6:4e:96,40:83:de:80:80:cc,mild
1347,e4:0e:ee:e6:4e:96,1c:5c:f2:e8:8b:33,mild
1348,e4:0e:ee:e6:4e:96,90:61:ae:25:a1:e3,mild
1349,e4:0e:ee:e6:4e:96,88:83:22:5d:24:66,mild
1350,e4:0e:ee:e6:4e:96,9c:da:3e:7e:f8:01,mild
1351,e4:0e:ee:e6:4e:96,88:66:a5:17:75:bc,mild
1352,e4:0e:ee:e6:4e:96,88:66:a5:3a:72:71,mild
1353,e4:0e:ee:e6:4e:96,00:b5:d0:90:d4:7d,moderate
1354,e4:0e:ee:e6:4e:96,88:66:a5:1f:0b:05,moderate
1355,e4:0e:ee:e6:4e:96,b4:ef:39:c3:4a:2a,moderate
1356,e4:0e:ee:e6:4e:96,78:00:9e:93:6a:d0,moderate
1357,e4:0e:ee:e6:4e:96,10:8e:e0:b6:ca:da,severe
1358,e4:0e:ee:e6:4e:96,94:ee:9f:b1:e0:64,severe
1359,e4:0e:ee:e6:4e:96,08:d8:33:ef:e7:7b,severe
1360,e4:0e:ee:e6:4e:96,8c:f5:a3:cd:d2:db,severe
1361,88:66:a5:1f:0b:05,88:66:a5:1a:ba:53,mild
1362,88:66:a5:1f:0b:05,a4:c3:f0:a5:f1:09,mild
1363,88:66:a5:1f:0b:05,c0:9a:d0:e7:e7:da,mild
1364,88:66:a5:1f:0b:05,88:66:a5:17:7b:51,mild
1365,88:66:a5:1f:0b:05,40:83:de:80:80:cc,mild
1366,88:66:a5:1f:0b:05,b4:9c:df:44:0b:33,mild
1367,88:66:a5:1f:0b:05,0c:2f:b0:83:ee:82,mild
1368,88:66:a5:1f:0b:05,08:d8:33:ef:e7:7b,mild
1369,88:66:a5:1f:0b:05,28:16:ad:17:e3:33,mild
1370,88:66:a5:1f:0b:05,f8:2d:7c:dc:dc:b8,mild
1371,88:66:a5:1f:0b:05,98:10:e8:3a:c9:e4,moderate
1372,88:66:a5:1f:0b:05,1c:5c:f2:e8:8b:33,moderate
1373,88:66:a5:1f:0b:05,b4:ef:39:c3:4a:2a,moderate
1374,88:66:a5:1f:0b:05,e4:0e:ee:e6:4e:96,moderate
1375,88:66:a5:1f:0b:05,7c:b2:7d:87:57:da,moderate
1376,88:66:a5:1f:0b:05,7c:b2:7d:85:d8:0b,moderate
1377,88:66:a5:1f:0b:05,9c:da:3e:7f:a0:03,moderate
1378,88:66:a5:1f:0b:05,28:16:ad:17:e3:32,moderate
1379,88:66:a5:1f:0b:05,98:10:e8:07:e0:5b,moderate
1380,88:66:a5:1f:0b:05,e4:a7:a0:99:dc:ac,moderate
1381,88:66:a5:1f:0b:05,00:b5:d0:90:d4:7d,moderate
1382,88:66:a5:1f:0b:05,88:66:a5:17:75:bc,moderate
1383,88:66:a5:1f:0b:05,04:b4:29:6c:99:31,moderate
1384,88:66:a5:1f:0b:05,88:66:a5:3a:72:71,severe
1385,88:66:a5:1f:0b:05,7c:b2:7d:86:54:d4,severe
1386,88:66:a5:1f:0b:05,a4:c3:f0:a1:fb:b7,severe
1387,88:66:a5:1f:0b:05,8c:f5:a3:cd:d2:db,severe
1388,88:66:a5:1f:0b:05,04:69:f8:63:8b:cc,severe
1389,88:66:a5:1f:0b:05,9c:da:3e:7f:8e:65,severe
1390,88:66:a5:1f:0b:05,e4:a7:a0:99:bc:27,severe
1391,88:66:a5:1f:0b:05,98:10:e8:3b:48:e3,severe
1392,88:66:a5:1f:0b:05,9c:da:3e:7e:f8:01,severe
1393,88:66:a5:1f:0b:05,88:83:22:5d:24:66,severe
1394,88:66:a5:1f:0b:05,78:00:9e:93:6a:d0,severe
1395,88:66:a5:1f:0b:05,5c:5f:67:8b:1b:9a,severe
1396,88:66:a5:1f:0b:05,6c:96:cf:ac:18:82,severe
1397,88:66:a5:1f:0b:05,7c:b2:7d:87:d8:c7,severe
1398,88:66:a5:1f:0b:05,88:66:a5:e2:a1:60,severe
1399,88:66:a5:e2:a1:60,e4:0e:ee:e6:4e:96,mild
1400,88:66:a5:e2:a1:60,40:83:de:80:80:cc,mild
1401,88:66:a5:e2:a1:60,98:10:e8:3a:c9:e4,moderate
1402,88:66:a5:e2:a1:60,1c:5c:f2:e8:8b:33,moderate
1403,88:66:a5:e2:a1:60,b4:ef:39:c3:4a:2a,moderate
1404,88:66:a5:e2:a1:60,7c:b2:7d:87:57:da,moderate
1405,88:66:a5:e2:a1:60,7c:b2:7d:85:d8:0b,moderate
1406,88:66:a5:e2:a1:60,00:b5:d0:90:d4:7d,moderate
1407,88:66:a5:e2:a1:60,88:66:a5:17:75:bc,moderate
1408,88:66:a5:e2:a1:60,04:b4:29:6c:99:31,moderate
1409,88:66:a5:e2:a1:60,88:66:a5:3a:72:71,severe
1410,88:66:a5:e2:a1:60,5c:5f:67:8b:1b:9a,severe
1411,88:66:a5:e2:a1:60,a4:c3:f0:a1:fb:b7,severe
1412,88:66:a5:e2:a1:60,8c:f5:a3:cd:d2:db,severe
1413,88:66:a5:e2:a1:60,9c:da:3e:7f:8e:65,severe
1414,88:66:a5:e2:a1:60,9c:da:3e:7f:a0:03,severe
1415,88:66:a5:e2:a1:60,88:66:a5:1f:0b:05,severe
1416,88:66:a5:e2:a1:60,9c:da:3e:7e:f8:01,severe
1417,88:66:a5:e2:a1:60,88:83:22:5d:24:66,severe
1418,88:66:a5:e2:a1:60,78:00:9e:93:6a:d0,severe
1419,88:66:a5:e2:a1:60,98:10:e8:3b:48:e3,severe
1420,88:66:a5:e2:a1:60,6c:96:cf:ac:18:82,severe
1421,88:66:a5:e2:a1:60,7c:b2:7d:87:d8:c7,severe
1422,98:84:e3:d8:80:60,cc:44:63:40:96:9d,severe
1423,98:84:e3:d8:80:60,14:5f:94:1a:65:d1,severe
1424,04:b4:29:6c:99:31,98:10:e8:3b:48:e3,mild
1425,04:b4:29:6c:99:31,9c:ba:e3:38:e3:74,mild
1426,04:b4:29:6c:99:31,40:83:de:80:80:cc,mild
1427,04:b4:29:6c:99:31,e4:0e:ee:e6:4e:96,mild
1428,04:b4:29:6c:99:31,9c:da:3e:7f:a0:03,moderate
1429,04:b4:29:6c:99:31,00:b5:d0:90:d4:7d,moderate
1430,04:b4:29:6c:99:31,88:66:a5:17:7b:51,moderate
1431,04:b4:29:6c:99:31,9c:da:3e:7e:f8:01,moderate
1432,04:b4:29:6c:99:31,88:66:a5:17:75:bc,moderate
1433,04:b4:29:6c:99:31,88:66:a5:e2:a1:60,moderate
1434,04:b4:29:6c:99:31,98:10:e8:3a:c9:e4,moderate
1435,04:b4:29:6c:99:31,88:66:a5:3a:72:71,moderate
1436,04:b4:29:6c:99:31,88:66:a5:1f:0b:05,moderate
1437,04:b4:29:6c:99:31,1c:5c:f2:e8:8b:33,moderate
1438,04:b4:29:6c:99:31,b4:ef:39:c3:4a:2a,moderate
1439,04:b4:29:6c:99:31,7c:b2:7d:87:57:da,moderate
1440,04:b4:29:6c:99:31,a4:c3:f0:a1:fb:b7,severe
1441,04:b4:29:6c:99:31,8c:f5:a3:cd:d2:db,severe
1442,88:66:a5:17:7b:51,9c:ba:e3:38:e3:74,mild
1443,88:66:a5:17:7b:51,2d:98:5c:15:44:48,mild
1444,88:66:a5:17:7b:51,7c:b2:7d:85:d8:0b,mild
1445,88:66:a5:17:7b:51,88:66:a5:1f:0b:05,mild
1446,88:66:a5:17:7b:51,a4:c3:f0:a5:f1:09,mild
1447,88:66:a5:17:7b:51,c1:a2:98:79:ba:c4,mild
1448,88:66:a5:17:7b:51,98:10:e8:07:e0:5b,mild
1449,88:66:a5:17:7b:51,7c:b2:7d:87:d8:c7,mild
1450,88:66:a5:17:7b:51,5c:5f:67:8b:e1:7f,mild
1451,88:66:a5:17:7b:51,5c:5f:67:8b:e1:7e,mild
1452,88:66:a5:17:7b:51,88:e9:fe:d4:1d:59,mild
1453,88:66:a5:17:7b:51,98:10:e8:3a:c9:e4,mild
1454,88:66:a5:17:7b:51,08:c8:f5:4e:d4:fa,mild
1455,88:66:a5:17:7b:51,1c:5c:f2:e8:8b:33,mild
1456,88:66:a5:17:7b:51,00:b5:d0:90:d4:7d,mild
1457,88:66:a5:17:7b:51,0c:2f:b0:83:ee:82,mild
1458,88:66:a5:17:7b:51,7c:b2:7d:86:54:d4,mild
1459,88:66:a5:17:7b:51,b4:ef:39:c3:4a:2a,mild
1460,88:66:a5:17:7b:51,9c:da:3e:7e:f8:01,mild
1461,88:66:a5:17:7b:51,7c:b2:7d:87:83:e6,mild
1462,88:66:a5:17:7b:51,88:66:a5:3a:72:71,mild
1463,88:66:a5:17:7b:51,7c:b2:7d:87:83:e5,moderate
1464,88:66:a5:17:7b:51,cc:44:63:3c:32:61,moderate
1465,88:66:a5:17:7b:51,e4:a7:a0:99:bc:27,moderate
1466,88:66:a5:17:7b:51,88:66:a5:17:75:bc,moderate
1467,88:66:a5:17:7b:51,88:66:a5:1a:ba:53,moderate
1468,88:66:a5:17:7b:51,04:b4:29:6c:99:31,moderate
1469,88:66:a5:17:7b:51,a4:c3:f0:a1:fb:b7,moderate
1470,88:66:a5:17:7b:51,cc:44:63:40:96:9d,moderate
1471,88:66:a5:17:7b:51,04:69:f8:63:8b:cc,moderate
1472,88:66:a5:17:7b:51,e4:a7:a0:99:dc:ac,moderate
1473,88:66:a5:17:7b:51,7c:b2:7d:87:57:da,moderate
1474,88:66:a5:17:7b:51,49:49:89:ec:71:db,moderate
1475,88:66:a5:17:7b:51,78:00:9e:93:6a:d0,moderate
1476,88:66:a5:17:7b:51,98:10:e8:3b:48:e3,severe
1477,88:66:a5:17:7b:51,d8:1c:79:db:a0:f7,severe
1478,88:66:a5:17:7b:51,3c:bf:60:65:36:3c,severe
1479,88:66:a5:17:7b:51,8c:f5:a3:cd:d2:db,severe
1480,3c:bf:60:65:36:3c,5c:5f:67:8b:e1:7f,mild
1481,3c:bf:60:65:36:3c,5c:5f:67:8b:e1:7e,mild
1482,3c:bf:60:65:36:3c,88:e9:fe:d4:1d:59,mild
1483,3c:bf:60:65:36:3c,b4:ef:39:c3:4a:2a,mild
1484,3c:bf:60:65:36:3c,08:c8:f5:4e:d4:fa,mild
1485,3c:bf:60:65:36:3c,78:00:9e:93:6a:d0,mild
1486,3c:bf:60:65:36:3c,c1:a2:98:79:ba:c4,moderate
1487,3c:bf:60:65:36:3c,cc:44:63:3c:32:61,moderate
1488,3c:bf:60:65:36:3c,7c:b2:7d:87:83:e6,moderate
1489,3c:bf:60:65:36:3c,88:66:a5:17:7b:51,severe
1490,3c:bf:60:65:36:3c,cc:44:63:40:96:9d,severe
1491,3c:bf:60:65:36:3c,7c:b2:7d:87:57:da,severe
1492,3c:bf:60:65:36:3c,8c:f5:a3:cd:d2:db,severe
1493,3c:bf:60:65:36:3c,e4:a7:a0:99:dc:ac,severe
1494,3c:bf:60:65:36:3c,7c:b2:7d:87:83:e5,severe
1495,3c:bf:60:65:36:3c,d8:1c:79:db:a0:f7,severe
1496,3c:bf:60:65:36:3c,98:10:e8:3b:48:e3,severe
1497,98:10:e8:3b:48:e3,88:66:a5:1a:ba:53,mild
1498,98:10:e8:3b:48:e3,90:6e:e1:0b:5c:cc,mild
1499,98:10:e8:3b:48:e3,e4:a7:a0:99:bc:27,mild
1500,98:10:e8:3b:48:e3,e4:0e:ee:e6:4e:96,mild
1501,98:10:e8:3b:48:e3,28:16:ad:17:e3:32,mild
1502,98:10:e8:3b:48:e3,a4:c3:f0:a5:f1:09,mild
1503,98:10:e8:3b:48:e3,c1:a2:98:79:ba:c4,mild
1504,98:10:e8:3b:48:e3,00:0b:82:d0:ff:35,mild
1505,98:10:e8:3b:48:e3,04:b4:29:6c:99:31,mild
1506,98:10:e8:3b:48:e3,10:8e:e0:b6:ca:da,mild
1507,98:10:e8:3b:48:e3,88:e9:fe:d4:1d:59,mild
1508,98:10:e8:3b:48:e3,08:c8:f5:4e:d4:fa,mild
1509,98:10:e8:3b:48:e3,00:b5:d0:90:d4:7d,mild
1510,98:10:e8:3b:48:e3,59:85:b6:61:c5:2a,mild
1511,98:10:e8:3b:48:e3,90:61:ae:25:a1:e3,mild
1512,98:10:e8:3b:48:e3,b4:ef:39:c3:4a:2a,mild
1513,98:10:e8:3b:48:e3,94:ee:9f:b1:e0:64,mild
1514,98:10:e8:3b:48:e3,00:ca:3f:34:77:f5,moderate
1515,98:10:e8:3b:48:e3,98:10:e8:3a:c9:e4,moderate
1516,98:10:e8:3b:48:e3,1c:5c:f2:e8:8b:33,moderate
1517,98:10:e8:3b:48:e3,15:9e:e7:6b:51:97,moderate
1518,98:10:e8:3b:48:e3,9c:da:3e:7f:a0:03,moderate
1519,98:10:e8:3b:48:e3,40:83:de:80:80:cc,moderate
1520,98:10:e8:3b:48:e3,6c:96:cf:ac:18:82,moderate
1521,98:10:e8:3b:48:e3,3d:3b:79:0d:90:d3,moderate
1522,98:10:e8:3b:48:e3,e4:a7:a0:99:dc:ac,moderate
1523,98:10:e8:3b:48:e3,89:a9:64:52:43:57,moderate
1524,98:10:e8:3b:48:e3,30:30:cc:92:2b:b6,moderate
1525,98:10:e8:3b:48:e3,cc:44:63:3c:32:61,moderate
1526,98:10:e8:3b:48:e3,88:66:a5:17:75:bc,moderate
1527,98:10:e8:3b:48:e3,5c:74:20:7c:0e:a6,moderate
1528,98:10:e8:3b:48:e3,7c:b2:7d:87:83:e6,moderate
1529,98:10:e8:3b:48:e3,88:66:a5:3a:72:71,severe
1530,98:10:e8:3b:48:e3,88:66:a5:17:7b:51,severe
1531,98:10:e8:3b:48:e3,98:c7:17:2d:6b:a0,severe
1532,98:10:e8:3b:48:e3,a4:c3:f0:a5:f1:72,severe
1533,98:10:e8:3b:48:e3,8c:f5:a3:cd:d2:db,severe
1534,98:10:e8:3b:48:e3,a4:c3:f0:a1:fb:b7,severe
1535,98:10:e8:3b:48:e3,d8:1c:79:db:a0:f7,severe
1536,98:10:e8:3b:48:e3,78:00:9e:93:6a:d0,severe
1537,98:10:e8:3b:48:e3,5c:5f:67:8b:1b:9a,severe
1538,98:10:e8:3b:48:e3,88:66:a5:e2:a1:60,severe
1539,98:10:e8:3b:48:e3,08:d8:33:ef:e7:7b,severe
1540,98:10:e8:3b:48:e3,88:83:22:5d:24:66,severe
1541,98:10:e8:3b:48:e3,7c:b2:7d:87:57:da,severe
1542,98:10:e8:3b:48:e3,88:66:a5:1f:0b:05,severe
1543,98:10:e8:3b:48:e3,7c:b2:7d:87:83:e5,severe
1544,98:10:e8:3b:48:e3,7c:b2:7d:85:d8:0b,severe
1545,98:10:e8:3b:48:e3,5c:5f:67:8b:e1:7e,severe
1546,98:10:e8:3b:48:e3,0d:81:24:f4:2c:79,severe
1547,98:10:e8:3b:48:e3,10:e8:89:d2:30:6d,severe
1548,98:10:e8:3b:48:e3,35:93:57:30:4a:9b,severe
1549,98:10:e8:3b:48:e3,cc:44:63:40:96:9d,severe
1550,98:10:e8:3b:48:e3,9c:da:3e:7f:8e:65,severe
1551,98:10:e8:3b:48:e3,5c:5f:67:8b:e1:7f,severe
1552,98:10:e8:3b:48:e3,9c:da:3e:7e:f8:01,severe
1553,98:10:e8:3b:48:e3,3c:bf:60:65:36:3c,severe
1554,98:10:e8:3b:48:e3,7c:b2:7d:87:d8:c7,severe
1555,88:e9:fe:d4:1d:59,5c:5f:67:8b:e1:7f,mild
1556,88:e9:fe:d4:1d:59,98:10:e8:3b:48:e3,mild
1557,88:e9:fe:d4:1d:59,3c:bf:60:65:36:3c,mild
1558,88:e9:fe:d4:1d:59,b4:ef:39:c3:4a:2a,mild
1559,88:e9:fe:d4:1d:59,c1:a2:98:79:ba:c4,mild
1560,88:e9:fe:d4:1d:59,d8:1c:79:db:a0:f7,mild
1561,88:e9:fe:d4:1d:59,88:66:a5:17:7b:51,mild
1562,88:e9:fe:d4:1d:59,08:c8:f5:4e:d4:fa,mild
1563,88:e9:fe:d4:1d:59,7c:b2:7d:87:57:da,mild
1564,88:e9:fe:d4:1d:59,7c:b2:7d:87:83:e6,mild
1565,88:e9:fe:d4:1d:59,78:00:9e:93:6a:d0,mild
1566,88:e9:fe:d4:1d:59,5c:5f:67:8b:e1:7e,moderate
1567,88:e9:fe:d4:1d:59,cc:44:63:3c:32:61,moderate
1568,88:e9:fe:d4:1d:59,cc:44:63:40:96:9d,severe
1569,88:e9:fe:d4:1d:59,8c:f5:a3:cd:d2:db,severe
1570,88:e9:fe:d4:1d:59,e4:a7:a0:99:dc:ac,severe
1571,88:e9:fe:d4:1d:59,7c:b2:7d:87:83:e5,severe
1572,15:9e:e7:6b:51:97,5c:5f:67:8b:e1:7f,mild
1573,15:9e:e7:6b:51:97,90:6e:e1:0b:5c:cc,mild
1574,15:9e:e7:6b:51:97,d8:1c:79:db:a0:f7,mild
1575,15:9e:e7:6b:51:97,7c:b2:7d:87:57:da,mild
1576,15:9e:e7:6b:51:97,30:30:cc:92:2b:b6,mild
1577,15:9e:e7:6b:51:97,89:a9:64:52:43:57,mild
1578,15:9e:e7:6b:51:97,3d:3b:79:0d:90:d3,mild
1579,15:9e:e7:6b:51:97,59:85:b6:61:c5:2a,mild
1580,15:9e:e7:6b:51:97,5c:74:20:7c:0e:a6,mild
1581,15:9e:e7:6b:51:97,98:c7:17:2d:6b:a0,mild
1582,15:9e:e7:6b:51:97,5c:5f:67:8b:e1:7e,moderate
1583,15:9e:e7:6b:51:97,00:ca:3f:34:77:f5,moderate
1584,15:9e:e7:6b:51:97,10:e8:89:d2:30:6d,moderate
1585,15:9e:e7:6b:51:97,35:93:57:30:4a:9b,moderate
1586,15:9e:e7:6b:51:97,8c:f5:a3:cd:d2:db,moderate
1587,15:9e:e7:6b:51:97,0d:81:24:f4:2c:79,moderate
1588,15:9e:e7:6b:51:97,a4:c3:f0:a5:f1:72,moderate
1589,15:9e:e7:6b:51:97,98:10:e8:3b:48:e3,moderate
1590,9c:da:3e:7e:f8:01,e4:0e:ee:e6:4e:96,mild
1591,9c:da:3e:7e:f8:01,88:66:a5:17:7b:51,mild
1592,9c:da:3e:7e:f8:01,40:83:de:80:80:cc,mild
1593,9c:da:3e:7e:f8:01,0c:2f:b0:83:ee:82,mild
1594,9c:da:3e:7e:f8:01,e4:a7:a0:99:dc:ac,mild
1595,9c:da:3e:7e:f8:01,98:10:e8:3a:c9:e4,moderate
1596,9c:da:3e:7e:f8:01,1c:5c:f2:e8:8b:33,moderate
1597,9c:da:3e:7e:f8:01,b4:ef:39:c3:4a:2a,moderate
1598,9c:da:3e:7e:f8:01,7c:b2:7d:87:57:da,moderate
1599,9c:da:3e:7e:f8:01,9c:da:3e:7f:a0:03,moderate
1600,9c:da:3e:7e:f8:01,7c:b2:7d:85:d8:0b,moderate
1601,9c:da:3e:7e:f8:01,6c:96:cf:ac:18:82,moderate
1602,9c:da:3e:7e:f8:01,00:b5:d0:90:d4:7d,moderate
1603,9c:da:3e:7e:f8:01,88:66:a5:17:75:bc,moderate
1604,9c:da:3e:7e:f8:01,04:b4:29:6c:99:31,moderate
1605,9c:da:3e:7e:f8:01,88:66:a5:3a:72:71,severe
1606,9c:da:3e:7e:f8:01,5c:5f:67:8b:1b:9a,severe
1607,9c:da:3e:7e:f8:01,a4:c3:f0:a1:fb:b7,severe
1608,9c:da:3e:7e:f8:01,8c:f5:a3:cd:d2:db,severe
1609,9c:da:3e:7e:f8:01,9c:da:3e:7f:8e:65,severe
1610,9c:da:3e:7e:f8:01,88:66:a5:1f:0b:05,severe
1611,9c:da:3e:7e:f8:01,88:83:22:5d:24:66,severe
1612,9c:da:3e:7e:f8:01,78:00:9e:93:6a:d0,severe
1613,9c:da:3e:7e:f8:01,98:10:e8:3b:48:e3,severe
1614,9c:da:3e:7e:f8:01,7c:b2:7d:87:d8:c7,severe
1615,9c:da:3e:7e:f8:01,88:66:a5:e2:a1:60,severe
1616,94:ee:9f:b1:e0:64,88:66:a5:1a:ba:53,mild
1617,94:ee:9f:b1:e0:64,98:10:e8:3b:48:e3,mild
1618,94:ee:9f:b1:e0:64,b4:ef:39:c3:4a:2a,mild
1619,94:ee:9f:b1:e0:64,d8:1c:79:db:a0:f7,mild
1620,94:ee:9f:b1:e0:64,00:0b:82:d0:ff:35,mild
1621,94:ee:9f:b1:e0:64,7c:b2:7d:87:57:da,mild
1622,94:ee:9f:b1:e0:64,00:b5:d0:90:d4:7d,moderate
1623,94:ee:9f:b1:e0:64,88:66:a5:17:75:bc,moderate
1624,94:ee:9f:b1:e0:64,90:61:ae:25:a1:e3,severe
1625,94:ee:9f:b1:e0:64,10:8e:e0:b6:ca:da,severe
1626,94:ee:9f:b1:e0:64,8c:f5:a3:cd:d2:db,severe
1627,94:ee:9f:b1:e0:64,88:83:22:5d:24:66,severe
1628,94:ee:9f:b1:e0:64,e4:0e:ee:e6:4e:96,severe
1629,94:ee:9f:b1:e0:64,78:00:9e:93:6a:d0,severe
1630,94:ee:9f:b1:e0:64,7c:b2:7d:87:d8:c7,severe
1631,94:ee:9f:b1:e0:64,08:d8:33:ef:e7:7b,severe
1632,88:66:a5:17:75:bc,6c:96:cf:ac:18:82,mild
1633,88:66:a5:17:75:bc,d8:1c:79:db:a0:f7,mild
1634,88:66:a5:17:75:bc,e4:0e:ee:e6:4e:96,mild
1635,88:66:a5:17:75:bc,c0:9a:d0:e7:e7:da,mild
1636,88:66:a5:17:75:bc,00:0b:82:d0:ff:35,mild
1637,88:66:a5:17:75:bc,40:83:de:80:80:cc,mild
1638,88:66:a5:17:75:bc,08:d8:33:ef:e7:7b,mild
1639,88:66:a5:17:75:bc,9c:da:3e:7f:8e:65,mild
1640,88:66:a5:17:75:bc,5c:5f:67:8b:1b:9a,mild
1641,88:66:a5:17:75:bc,98:10:e8:3a:c9:e4,moderate
1642,88:66:a5:17:75:bc,7c:b2:7d:87:d8:c7,moderate
1643,88:66:a5:17:75:bc,88:66:a5:1f:0b:05,moderate
1644,88:66:a5:17:75:bc,1c:5c:f2:e8:8b:33,moderate
1645,88:66:a5:17:75:bc,b4:ef:39:c3:4a:2a,moderate
1646,88:66:a5:17:75:bc,7c:b2:7d:87:57:da,moderate
1647,88:66:a5:17:75:bc,9c:da:3e:7f:a0:03,moderate
1648,88:66:a5:17:75:bc,28:16:ad:17:e3:32,moderate
1649,88:66:a5:17:75:bc,88:66:a5:17:7b:51,moderate
1650,88:66:a5:17:75:bc,28:16:ad:17:e3:33,moderate
1651,88:66:a5:17:75:bc,8c:f5:a3:cd:d2:db,moderate
1652,88:66:a5:17:75:bc,98:10:e8:07:e0:5b,moderate
1653,88:66:a5:17:75:bc,90:61:ae:25:a1:e3,moderate
1654,88:66:a5:17:75:bc,b4:9c:df:44:0b:33,moderate
1655,88:66:a5:17:75:bc,a4:c3:f0:a5:f1:72,moderate
1656,88:66:a5:17:75:bc,94:ee:9f:b1:e0:64,moderate
1657,88:66:a5:17:75:bc,98:10:e8:3b:48:e3,moderate
1658,88:66:a5:17:75:bc,cc:44:63:3c:32:61,moderate
1659,88:66:a5:17:75:bc,00:b5:d0:90:d4:7d,moderate
1660,88:66:a5:17:75:bc,9c:da:3e:7e:f8:01,moderate
1661,88:66:a5:17:75:bc,88:66:a5:e2:a1:60,moderate
1662,88:66:a5:17:75:bc,04:b4:29:6c:99:31,moderate
1663,88:66:a5:17:75:bc,a4:c3:f0:a1:fb:b7,moderate
1664,88:66:a5:17:75:bc,f8:2d:7c:dc:dc:b8,moderate
1665,88:66:a5:17:75:bc,88:66:a5:3a:72:71,severe
1666,88:66:a5:17:75:bc,04:69:f8:63:8b:cc,severe
1667,88:66:a5:17:75:bc,7c:b2:7d:86:54:d4,severe
1668,88:66:a5:17:75:bc,e4:a7:a0:99:bc:27,severe
1669,88:66:a5:17:75:bc,a4:c3:f0:a5:f1:09,severe
1670,88:66:a5:17:75:bc,7c:b2:7d:85:d8:0b,severe
1671,88:66:a5:17:75:bc,88:83:22:5d:24:66,severe
1672,88:66:a5:17:75:bc,78:00:9e:93:6a:d0,severe
1673,88:66:a5:17:75:bc,88:66:a5:1a:ba:53,severe
